{
    "positioners": {
        "ESP32Stage": {
          "managerName": "ESP32StageManager",
          "managerProperties": {
            "rs232device": "ESP32",
            "isEnable": true,
            "enableauto": false,
            "isDualaxis": 0,
            "stepsizeX": -0.3125,
            "stepsizeY": -0.3125,
            "stepsizeZ": 0.3125,
            "stepsizeA": 0.3125,
            "homeSpeedX": 15000,
            "homeSpeedY": 15000,
            "homeSpeedZ": 15000,
            "homeDirectionX": 1,
            "homeDirectionY": 1,
            "homeDirectionZ": -1,
            "initialSpeed": {"X": 15000, "Y":  15000,"Z": 15000, "A": 15000}
          },
          "axes": [
            "X",
            "Y",
            "Z",
            "A"
          ],
          "forScanning": true,
          "forPositioning": true
        }
      },
    "rs232devices": {
    "ESP32": {
      "managerName": "ESP32Manager",
      "managerProperties": {
        "host_": "192.168.43.129",
        "serialport": "/dev/cu.SLAB_USBtoUART"
      }
    },
    "VirtualMicroscope": {
      "managerName": "VirtualMicroscopeManager",
      "managerProperties": {
      }
    }
  },
  "LEDMatrixs": {
    "ESP32 LEDMatrix": {
      "analogChannel": null,
      "digitalLine": null,
      "managerName": "ESP32LEDMatrixManager",
      "managerProperties": {
        "rs232device": "ESP32",
        "Nx": 4,
        "Ny": 4,
      "wavelength": 488,
      "valueRangeMin": 0,
      "valueRangeMax": 32768
    }
    }
  },
  "lasers": {
    "LED": {
      "analogChannel": null,
      "digitalLine": null,
      "managerName": "ESP32LEDLaserManager",
      "managerProperties": {
        "rs232device": "ESP32",
        "channel_index": 1
      },
      "wavelength": 635,
      "valueRangeMin": 0,
      "valueRangeMax": 1023
    }
  },
  "detectors": {
    "WidefieldCamera": {
        "analogChannel": null,
        "digitalLine": null,
        "managerName": "HikCamManager",
        "managerProperties": {
            "isRGB": 0,
            "cameraListIndex": 0,
            "cameraEffPixelsize": 0.2257,
            "hikcam": {
                "exposure": 0,
                "gain": 0,
                "blacklevel": 100,
                "image_width": 1000,
                "image_height": 1000
            }
        },
        "forAcquisition": true,
        "forFocusLock": true
    }
    },
  "rois": {
    "Full chip": {
      "x": 600,
      "y": 600,
      "w": 1200,
      "h": 1200
    }
  },
  "autofocus": {
    "camera": "WidefieldCamera",
    "positioner": "ESP32Stage",
    "updateFreq": 10,
    "frameCropx": 780,
    "frameCropy": 400,
    "frameCropw": 500,
    "frameCroph": 100
  },
  "mct": {
    "monitorIdx": 2,
    "width": 1080,
    "height": 1920,
    "wavelength": 0,
    "pixelSize": 0,
    "angleMount": 0,
    "patternsDirWin": "C:\\Users\\wanghaoran\\Documents\\ImSwitchConfig\\imcontrol_slm\\488\\",
    "patternsDir": "/users/bene/ImSwitchConfig/imcontrol_sim/488"
  },
  "fovLock": {
    "camera": "WidefieldCamera",
    "positioner": "VirtualStage",
    "updateFreq": 1, 
    "piKp":1, 
    "piKi":1
    },
  "webrtc":{},
  "PixelCalibration": {},
  "availableWidgets": [
    "Settings",
    "View",
    "Recording",
    "Image",
    "Laser",
    "Positioner",
    "Autofocus",
    "MCT",
    "UC2Config",
    "LEDMatrix",
    "ROIScan",
    "HistoScan",
    "PixelCalibration",
    "Lightsheet",
    "FOVLock"
  ],
  "nonAvailableWidgets":[
    "Hypha",
    "FocusLock",
    "HistoScan",
    "STORMRecon",
    "DPC",
    "ImSwitchServer",
    "PixelCalibration",
    "FocusLock"]
}
