{
    "positioners": {
      "ESPStage": {
          "managerName": "ESP32StageManager",
          "managerProperties": {
              "rs232device": "ESP32"
          },
          "axes": ["X", "Y", "Z"],
          "forScanning": true,
          "forPositioning": true
      }
  },
  "rs232devices": {
      "ESP32": {
        "managerName": "ESP32Manager",
        "managerProperties": {
          "host_": "192.168.43.129",
          "serialport_": "COM4"
        }
      }
    },
  "detectors": {
    "AutofocusCamera": {
      "analogChannel": null,
      "digitalLine": null,
      "managerName": "GXPIPYManager",
      "managerProperties": {
        "cameraListIndex": 1,
        "gxipycam": {
          "exposure": 0,
          "gain": 0,
          "blacklevel": 100,
          "image_width": 1000,
          "image_height": 1000
        }
      },
      "forAcquisition": true,
      "forFocusLock": true
    }
  },
  "rois": {
    "Full chip": {
      "x": 600,
      "y": 600,
      "w": 1200,
      "h": 1200
    }
  },
    "availableWidgets": [
      "Settings",
      "View",
      "Recording",
      "Positioner",
      "Autofocus"
    ],
  "autofocus": {
    "camera": "AutofocusCamera",
    "positioner": "ESPStage",
    "updateFreq": 10,
    "frameCropx": 780,
    "frameCropy": 400,
    "frameCropw": 500,
    "frameCroph": 100
  }
}
  