{
  "positioners": {
    "ESP32Stage": {
      "managerName": "ESP32StageManager",
      "managerProperties": {
        "rs232device": "ESP32",
        "enableauto": 0,
        "isEnable": 1,
        "homeXenabled": true, 
        "homeStepsX":10000, 
        "homeOnStartX": 0,
        "homeEndposReleaseX":5000,
        "homeYenabled": true, 
        "homeStepsY":10000, 
        "homeOnStartY": 0,
        "homeEndposReleaseY":5000,
        "homeAenabled": true, 
        "homeStepsA":0, 
        "homeOnStarta": true,
        "homeEndposReleaseA":5000,
        "stepsizeX": -0.3125,
        "stepsizeY": -0.3125,
        "stepsizeZ": 0.3125
      },
      "axes": [
        "X",
        "Y",
        "Z",
        "A"
      ],
      "forScanning": true,
      "forPositioning": true
    }
  },
  "rs232devices": {
    "ESP32": {
      "managerName": "ESP32Manager",
      "managerProperties": {
        "host_": "192.168.43.129",
        "serialport_": "COM3",
        "serialport": "COM3",
        "baudrate":500000, 
        "baudrate_":115200, 
        "debug":1
       }
    }
  },
  "lasers": {
    "488 Laser": {
      "analogChannel": null,
      "digitalLine": null,
      "managerName": "ESP32LEDLaserManager",
      "managerProperties": {
        "rs232device": "ESP32",
        "channel_index":1,
        "filter_change": false,
        "laser_despeckle_period": 10,
        "laser_despeckle_amplitude": 0
      },
      "wavelength": 488,
      "valueRangeMin": 0,
      "valueRangeMax": 512
    },
    "LED Matrix": {
      "analogChannel": null,
      "digitalLine": null,
      "managerName": "ESP32LEDLaserManager",
      "managerProperties": {
        "rs232device": "ESP32",
        "channel_index": "LED",
        "filter_change": false,
        "filter_axis": 3,
        "filter_position": 32000,
        "filter_position_init": -0
      },
      "wavelength": 635,
      "valueRangeMin": 0,
      "valueRangeMax": 255
    }
  },
  "detectors": {
    "WidefieldCamera": {
        "analogChannel": null,
        "digitalLine": null,
        "managerName": "HikCamManager",
        "managerProperties": {
            "isRGB": 0,
            "cameraListIndex": 0,
            "cameraEffPixelsize": 0.2257,
            "hikcam": {
                "exposure": 0,
                "gain": 0,
                "blacklevel": 100,
                "image_width": 1000,
                "image_height": 1000
            }
        },
        "forAcquisition": true,
        "forFocusLock": true
    }
    },
  "rois": {
    "Full chip": {
      "x": 600,
      "y": 600,
      "w": 1200,
      "h": 1200
    }
  },
  "LEDMatrixs": {
    "ESP32 LEDMatrix": {
      "analogChannel": null,
      "digitalLine": null,
      "managerName": "ESP32LEDMatrixManager",
      "managerProperties": {
        "rs232device": "ESP32",
        "Nx": 4,
        "Ny": 4
      },
      "wavelength": 488,
      "valueRangeMin": 0,
      "valueRangeMax": 32768
    }
  },
  "autofocus": {
    "camera": "WidefieldCamera",
    "positioner": "ESP32Stage",
    "updateFreq": 10,
    "frameCropx": 780,
    "frameCropy": 400,
    "frameCropw": 500,
    "frameCroph": 100
  },
  "uc2Config": {
    "defaultConfig": "pindefWemos.json",
    "defaultConfig2": "pindefUC2Standalon2.json",
    "defaultConfig1": "pindefUC2Standalon.json"
  },
  "mct": {
    "monitorIdx": 2,
    "width": 1080,
    "height": 1920,
    "wavelength": 0,
    "pixelSize": 0,
    "angleMount": 0,
    "patternsDirWin": "C:\\Users\\wanghaoran\\Documents\\ImSwitchConfig\\imcontrol_slm\\488\\",
    "patternsDir": "/users/bene/ImSwitchConfig/imcontrol_sim/488"
  },
  "dpc": {
    "wavelength": 0.53,
    "pixelsize": 0.2,
    "NA":0.3,
    "NAi": 0.3,
    "n": 1.0,
    "rotations": [0, 180, 90, 270]
  },
  "webrtc":{},
  "PixelCalibration": {},
  "availableWidgets": [
    "Settings",
    "Positioner",
    "View",
    "Recording",
    "Image",
    "Laser",
    "UC2Config",
    "LEDMatrix",
    "Lightsheet", 
    "Hypha"
    ],
  "nonAvailableWidgets":[
    "STORMRecon",
    "LEDMatrix",
    "Joystick",    
    "HistoScan", 
    "ROIScan",
    "MCT",
    "ImSwitchServer",
    "PixelCalibration",
    "Hypha",
    "FocusLock",
    "HistoScan", 
    "FocusLock"]
}
