{
  "detectors": {
    "WidefieldCamera": {
      "analogChannel": null,
      "digitalLine": null,
      "managerName": "TISManager",
      "managerProperties": {
        "cameraListIndex": 1,
        "tis": {
          "exposure": 0,
          "gain": 0,
          "brightness": 0,
          "image_width": 2448,
          "image_height": 2048
        }
      },
      "forAcquisition": true
    }},
  "rois": {
    "Full chip": {
      "x": 0,
      "y": 0,
      "w": 2448,
      "h": 2048
    }
  },
  "availableWidgets": [
    "Settings",
    "View",
    "Recording",
    "Image",
    "FFT",
    "FLIMLabs"
  ],
  "scanDefaults": {
    "defaultScanFile": null
  }
}
