{
  "positioners": {
    "RemoteStage": {
      "managerName": "ImSwitchRESTStageManager",
      "managerProperties": {
        "rs232device": "HTTP",
        "isEnable": true,
        "enableauto": false,
        "stepsizeX": -0.3125,
        "stepsizeY": -0.3125,
        "stepsizeZ": 0.3125,
        "homeSpeedX": 15000,
        "homeSpeedY": 15000,
        "homeSpeedZ": 15000,
        "isDualaxis": true,
        "homeDirectionX": 1,
        "backlashXOld": 15,
        "backlashYOld": 40,
        "backlashX": 0,
        "backlashY": 0,
        "homeEndstoppolarityY": 0,
        "homeDirectionY": -1,
        "homeDirectionZ": 0,
        "homeXenabled": 1,
        "homeYenabled": 1,
        "homeZenabled": 0,
        "initialSpeed": {"X": 15000, "Y":  15000, "Z": 15000, "A": 15000}
      },
      "axes": [
        "X",
        "Y",
        "Z",
        "A"
      ],
      "forScanning": true,
      "forPositioning": true
    }
  },
  "lasers": {
    "488 Laser": {
      "analogChannel": null,
      "digitalLine": null,
      "managerName": "ImSwitchRESTLaserManager",
      "managerProperties": {
        "rs232device": "HTTP",
        "channel_index": 0,
        "filter_change": false,
        "laser_despeckle_period": 10,
        "laser_despeckle_amplitude": 0
      },
      "wavelength": 488,
      "valueRangeMin": 0,
      "valueRangeMax": 1024
    }
  },
  "rs232devices": {
    "HTTP": {
      "managerName": "ImSwitchRESTManager",
      "managerProperties": {
        "host_": "100.76.84.63",
        "host": "imswitch.k8s.photonicdata.science",
        "port":443, 
        "port_": 8001,
        "ssl":1
      }
    }
  },
  "detectors": {
    "WidefieldCamera": {
      "analogChannel": null,
      "digitalLine": null,
      "managerName": "ImSwitchRESTCamera",
      "managerProperties": {
        "rs232device": "HTTP",
        "cameraListIndex": 1,
        "cameraEffPixelsize": 0.2257,
        "gxipycam": {
          "exposure": 20,
          "gain": 0,
          "blacklevel": 10,
          "image_width": 1000,
          "image_height": 1000
        }
      },
      "forAcquisition": true,
      "forFocusLock": true
    }}, 
  "availableWidgets": [
    "Settings",
    "Positioner",
    "View",
    "Recording",
    "Image",
    "Laser", 
    "HistoScan", 
    "imswitch_arkitekt_next"
  ],
  "nonAvailableWidgets":[
    "FlowStop",
    "Temperature",
    "HoliSheet",
    "STORMRecon",
    "Autofocus",
    "ROIScan",
    "FocusLock",
    "HistoScan",
    "PixelCalibration",
    "Hypha",
    "LEDMatrix",
    "FocusLock",
    "MCT",
    "UC2Config",
    "Autofocus",
    "ROIScan",
    "LEDMatrix",
    "HistoScan", 
    "Joystick"
  ]
}
