{
  "positioners": {
    "ESP32Stage": {
      "managerName": "ESP32StageManager",
      "managerProperties": {
        "rs232device": "ESP32",
        "isEnable": true,
        "enableauto": false,
        "stepsizeX": 0.3125,
        "stepsizeY": 0.3125,
        "stepsizeZ": 0.3125,
        "homeSpeedX": 15000,
        "homeSpeedY": 15000,
        "homeSpeedZ": 15000,
        "isDualaxis": true,
        "backlashXOld": 15,
        "backlashYOld": 40,
        "backlashX": 0,
        "backlashY": 0,
        "homeEndstoppolarityX": 0,
        "homeEndstoppolarityY": 0,
        "homeDirectionX": 0,
        "homeDirectionY": 1,
        "homeDirectionZ": 0,
        "homeOnStartX": 1,
        "homeOnStartY": 1,
        "homeXenabled": 1,
        "homeYenabled": 1,
        "homeZenabled": 0,
        "initialSpeed": {"X": 15000, "Y":  15000, "Z": 15000, "A": 15000}
      },
      "axes": [
        "X",
        "Y",
        "Z",
        "A"
      ],
      "forScanning": true,
      "forPositioning": true
    }
  },
  "rs232devices": {
    "ESP32": {
      "managerName": "ESP32Manager",
      "managerProperties": {
        "host_": "192.168.43.129",
        "serialport": "COM3",
        "serialport_": "/dev/cu./dev/cu.SLAB_USBtoUART",
        "debug":0, 
        "baudrate": 500000,
        "baudrate1": 115200
      }
    }
  },
  "lasers": {
    "488 Laser": {
      "analogChannel": null,
      "digitalLine": null,
      "managerName": "ESP32LEDLaserManager",
      "managerProperties": {
        "rs232device": "ESP32",
        "channel_index": 3,
        "filter_change": false,
        "laser_despeckle_period": 10,
        "laser_despeckle_amplitude": 0
      },
      "wavelength": 488,
      "valueRangeMin": 0,
      "valueRangeMax": 1024
    },
    "635 Laser": {
      "analogChannel": null,
      "digitalLine": null,
      "managerName": "ESP32LEDLaserManager",
      "managerProperties": {
        "rs232device": "ESP32",
        "channel_index": 2,
        "filter_change": false,
        "laser_despeckle_period": 10,
        "laser_despeckle_amplitude": 0
      },
      "wavelength": 635,
      "valueRangeMin": 0,
      "valueRangeMax": 1024
    },
    "LED": {
      "analogChannel": null,
      "digitalLine": null,
      "managerName": "ESP32LEDLaserManager",
      "managerProperties": {
        "rs232device": "ESP32",
        "channel_index": 1
      },
      "wavelength": 1024,
      "valueRangeMin": 0,
      "valueRangeMax": 1023
    }
  },
  "detectors": {
    "WidefieldCamera": {
      "ExtPackage": "imswitch_det_webcam",
      "analogChannel": null,
      "digitalLine": null,
      "managerName": "GXPIPYManager",
      "managerProperties": {
        "cameraListIndex": 1,
        "cameraEffPixelsize": 0.327,
        "gxipycam": {
          "exposure": 20,
          "gain": 0,
          "blacklevel": 10,
          "image_width": 1000,
          "image_height": 1000,
          "flipX": true,
          "flipY": true
        }
      },
      "forAcquisition": true,
      "forFocusLock": true
    }, 
    "Observer": {
      "managerName": "OpenCVCamManager",
      "managerProperties": {
        "cameraListIndex": 1,
        "cameraListIndexWIN": 0,
        "cameraEffPixelsize":100,
        "cameraPixelSize":100,
        "isRGB":1,
        "opencvcam": {
          "exposure": 10
        }
      },
      "forAcquisition": false
    }
  },
  "rois": {
    "Full chip": {
      "x": 600,
      "y": 600,
      "w": 1200,
      "h": 1200
    }
  },
  "LEDMatrixs": {
    "ESP32 LEDMatrix": {
      "analogChannel": null,
      "digitalLine": null,
      "managerName": "ESP32LEDMatrixManager",
      "managerProperties": {
        "rs232device": "ESP32",
        "Nx": 4,
        "Ny": 4
      },
      "wavelength": 488,
      "valueRangeMin": 0,
      "valueRangeMax": 32768
    }
  },
  "autofocus": {
    "camera": "WidefieldCamera",
    "positioner": "ESP32Stage",
    "updateFreq": 10,
    "frameCropx": 780,
    "frameCropy": 400,
    "frameCropw": 500,
    "frameCroph": 100
  },
  "uc2Config": {
    "defaultConfig": "pindefWemos.json",
    "defaultConfig2": "pindefUC2Standalon2.json",
    "defaultConfig1": "pindefUC2Standalon.json"
  },
  "mct": {
    "monitorIdx": 2,
    "width": 1080,
    "height": 1920,
    "wavelength": 0,
    "pixelSize": 0,
    "angleMount": 0,
    "patternsDirWin": "C:\\Users\\wanghaoran\\Documents\\ImSwitchConfig\\imcontrol_slm\\488\\",
    "patternsDir": "/users/bene/ImSwitchConfig/imcontrol_sim/488"
  },
  "dpc": {
    "wavelength": 0.53,
    "pixelsize": 0.2,
    "NA":0.3,
    "NAi": 0.3,
    "n": 1.0,
    "rotations": [0, 180, 90, 270]
  },
  "webrtc":{},
  "PixelCalibration": {},
  "availableWidgets": [
    "Settings",
    "Positioner",
    "View",
    "Recording",
    "Image",
    "Laser",
    "MCT",
    "UC2Config",
    "ImSwitchServer",
    "Autofocus",
    "ROIScan",
    "LEDMatrix", 
    "HistoScan"
  ],
  "nonAvailableWidgets":[
    "ObjectiveRevolver",
    "Temperature",
    "ObjectiveRevolver",

    "STORMRecon",
    "Autofocus",
    "ROIScan",
    "FocusLock",
    "HistoScan",
    "PixelCalibration",
    "Hypha",
    "LEDMatrix",
    "FocusLock"]
}
