{
  "detectors": {
    "SIM": {
        "analogChannel": null,
        "digitalLine": 4,
        "managerName": "HamamatsuManager",
        "managerProperties": {
            "cameraListIndex": 0,
            "hamamatsu": {
                "readout_speed": 3,
                "trigger_global_exposure": 5,
                "trigger_active": 2,
                "trigger_polarity": 2,
                "exposure_time": 0.01,
                "trigger_source": 1,
                "subarray_hpos": 0,
                "subarray_vpos": 0,
                "subarray_hsize": 2048,
                "subarray_vsize": 2048
            }
        },
        "forAcquisition": true
    }
},
  "rois": {
    "Full chip": {
      "x": 600,
      "y": 600,
      "w": 1200,
      "h": 1200
    }
  },  
  "sim": {
    "monitorIdx": 2,
    "width": 1080,
    "height": 1920,
    "wavelength": 0,
    "pixelSize": 0,
    "angleMount": 0,
    "isHamamatsuSLM": true,
    "patternsDirWin": "C:\\Users\\wanghaoran\\Documents\\ImSwitchConfig\\imcontrol_slm\\488\\",
    "patternsDir": "/users/bene/ImSwitchConfig/imcontrol_sim/488"
  },
    "availableWidgets": [
      "Settings",
      "View",
      "Recording",
      "Image",
      "SIM"
    ]
  }
