{
  "rs232devices": {
    "ESP32": {
      "managerName": "ESP32Manager",
      "managerProperties": {
        "host_": "192.168.43.129",
        "serialport": "dummy"
      }
    }
  },
  "positioners": {
    "ESP32Stage": {
      "managerName": "ESP32StageManager",
      "managerProperties": {
        "rs232device": "ESP32",
        "enableauto": 0,
        "isEnable": 1,
        "homeXenabled": true, 
        "homeStepsX":10000, 
        "homeOnStartX": true,
        "homeEndposReleaseX":5000,
        "homeYenabled": true, 
        "homeStepsY":10000, 
        "homeOnStartY": true,
        "homeEndposReleaseY":5000,
        "homeAenabled": true, 
        "homeStepsA":10000, 
        "homeOnStarta": true,
        "homeEndposReleaseA":5000,
        "stepsizeX": -0.3125,
        "stepsizeY": -0.3125,
        "stepsizeZ": 0.3125
      },
      "axes": [
        "X",
        "Y",
        "Z",
        "A"
      ],
      "forScanning": true,
      "forPositioning": true
    }
  },
  "detectors": {
    "WidefieldCamera": {
      "analogChannel": null,
      "digitalLine": null,
      "managerName": "PCOManager",
      "managerProperties": {
        "cameraListIndex": 0,
        "PCOcam": {
          "exposure": 0
        }
      },
      "forAcquisition": true
    }
  },
  "lasers": {
    "488 Laser": {
      "analogChannel": null,
      "digitalLine": null,
      "managerName": "ESP32LEDLaserManager",
      "managerProperties": {
        "rs232device": "ESP32",
        "channel_index": 1,
        "filter_change": false,
        "laser_despeckle_period": 10,
        "laser_despeckle_amplitude": 0
      },
      "wavelength": 488,
      "valueRangeMin": 0,
      "valueRangeMax": 1024
    },
    "635 Laser": {
      "analogChannel": null,
      "digitalLine": null,
      "managerName": "ESP32LEDLaserManager",
      "managerProperties": {
        "rs232device": "ESP32",
        "channel_index": 2,
        "filter_change": false,
        "laser_despeckle_period": 10,
        "laser_despeckle_amplitude": 0
      },
      "wavelength": 635,
      "valueRangeMin": 0,
      "valueRangeMax": 1024
    }
  },
  "rois": {
    "Full chip": {
      "x": 600,
      "y": 600,
      "w": 1200,
      "h": 1200
    }
  },  
  "sim": {
    "monitorIdx": 2,
    "width": 1080,
    "height": 1920,
    "wavelength": 0,
    "pixelSize": 0,
    "angleMount": 0,
    "patternsDirWin": "C:\\Users\\wanghaoran\\Documents\\ImSwitchConfig\\imcontrol_slm\\488\\",
    "patternsDir": "/users/bene/ImSwitchConfig/imcontrol_sim/488"
  },
  "imswitch_sim": {
    "monitorIdx": 2,
    "width": 1080,
    "height": 1920,
    "wavelength": 0,
    "pixelSize": 0,
    "angleMount": 0,
    "patternsDirWin": "C:\\Users\\wanghaoran\\Documents\\ImSwitchConfig\\imcontrol_slm\\488\\",
    "patternsDir": "/users/bene/ImSwitchConfig/imcontrol_sim/488",
    "isSimulation": 0,
    "nRotations": 3,
    "nPhases": 3,
    "isFastAPISIM": 1,
    "simPixelsize": 1,
    "simNA": 0,
    "simN": 0,
    "simETA": 0,
    "fastAPISIM_host": "192.168.0.1",
    "fastAPISIM_port": 0,
    "tWaitSequence": 0
  },
    "availableWidgets": [
      "Settings",
      "View",
      "Recording",
      "Laser",
      "Image",
      "SIM",
      "imswitch_sim"
    ]
  }
