{
  "positioners": {
    "ESP32Stage": {
        "managerName": "ESP32StageManager",
        "managerProperties": {
            "rs232device": "ESP32"
        },
        "axes": ["X", "Y", "Z"],
        "forScanning": true,
        "forPositioning": true
    }
},
"rs232devices": {
    "ESP32": {
      "managerName": "ESP32Manager",
      "managerProperties": {
        "host_": "192.168.43.129",
        "serialport_windows": "COM3",
        "serialport": "/dev/cu./dev/cu.SLAB_USBtoUART"
      }
    }
  },
"lasers": {
  "LENS 1": {
    "analogChannel": null,
    "digitalLine": null,
    "managerName": "ESP32LEDLaserManager",
    "managerProperties": {
        "rs232device": "ESP32",
        "channel_index": 1,
        "filter_change": true,
        "filter_axis": 0
    },
    "wavelength": 488,
    "valueRangeMin": 0,
    "valueRangeMax": 32768
},
"LENS 2": {
  "analogChannel": null,
  "digitalLine": null,
  "managerName": "ESP32LEDLaserManager",
  "managerProperties": {
      "rs232device": "ESP32",
      "channel_index": 2,
      "filter_change": false,
      "filter_axis": 0
  },
  "wavelength": 635,
  "valueRangeMin": 0,
  "valueRangeMax": 32768
},
"Laser RED": {
  "analogChannel": null,
  "digitalLine": null,
  "managerName": "ESP32LEDLaserManager",
  "managerProperties": {
      "rs232device": "ESP32",
      "channel_index": 3,
      "filter_change": false,
      "filter_axis": 0
  },
  "wavelength": 635,
  "valueRangeMin": 0,
  "valueRangeMax": 32768
},
"LED": {
  "analogChannel": null,
  "digitalLine": null,
  "managerName": "ESP32LEDLaserManager",
  "managerProperties": {
      "rs232device": "ESP32",
      "channel_index": "LED",
      "filter_change": false,
      "filter_axis": 0
  },
  "wavelength": 635,
  "valueRangeMin": 0,
  "valueRangeMax": 255
}
},
"detectors": {
  "WidefieldCamera": {
    "analogChannel": null,
    "digitalLine": null,
    "managerName": "ESP32CamManager",
    "managerProperties": {
      "cameraListIndex": 1,
      "cameraHost": "192.168.178.47",
      "cameraPort": "80",
      "esp32cam": {
        "exposure": 0,
        "gain": 0,
        "framesize": 100,
        "image_width": 1000,
        "image_height": 1000
      }
    },
    "forAcquisition": true
  }

},
"rois": {
  "Full chip": {
    "x": 600,
    "y": 600,
    "w": 1200,
    "h": 1200
  }
},
"LEDMatrixs": {
    "ESP32 LEDMatrix": {
      "analogChannel": null,
      "digitalLine": null,
      "managerName": "ESP32LEDMatrixManager",
      "managerProperties": {
          "rs232device": "ESP32",
          "channel_index": "B",
          "filter_change": 0
      },
      "wavelength": 488,
      "valueRangeMin": 0,
      "valueRangeMax": 32768
  }
  },
  "scan": {
    "scanDesigner": "BetaScanDesigner",
    "scanDesignerParams": {
        "return_time": 0.01
    },
    "TTLCycleDesigner": "BetaTTLCycleDesigner",
    "TTLCycleDesignerParams": {},
    "sampleRate": 100000
},
"mct": {
  "monitorIdx": 2,
  "width": 1080,
  "height": 1920,
  "wavelength": 0,
  "pixelSize": 0,
  "angleMount": 0,
  "patternsDirWin": "C:\\Users\\wanghaoran\\Documents\\ImSwitchConfig\\imcontrol_slm\\488\\",
  "patternsDir": "/users/bene/ImSwitchConfig/imcontrol_sim/488"
},
  "availableWidgets": [
    "Settings",
    "View",
    "Recording",
    "Image",
    "Laser",
    "Positioner",
    "LEDMatrix",
    "Scan",
    "MCT"
  ]
}
