{
  "positioners": {
    "ESP32Stage": {
      "managerName": "ESP32StageManager",
      "managerProperties": {
        "rs232device": "ESP32",
        "enableauto": 0,
<<<<<<< Updated upstream
        "isEnable": 1,
        "homeXenabled": true, 
        "homeStepsX":10000, 
        "homeOnStartX": true,
        "homeEndposReleaseX":5000,
        "homeYenabled": true, 
        "homeStepsY":10000, 
        "homeOnStartY": true,
        "homeEndposReleaseY":5000,
        "homeAenabled": true, 
        "homeStepsA":10000, 
        "homeOnStarta": true,
        "homeEndposReleaseA":5000,
        "stepsizeX": -0.3125,
        "stepsizeY": -0.3125,
        "stepsizeZ": 0.3125
=======
        "isEnable": 1,        
      "stepsizeX": 0.3125,
      "stepsizeY": 0.3125,
      "stepsizeZ": 0.3125,
      "stepsizeA": 0.3125,
      "initialSpeed": {"X": 15000, "Y":  15000, "Z": 15000, "A": 15000}

>>>>>>> Stashed changes
      },
      "axes": [
        "X",
        "Y",
        "Z",
        "A"
      ],
      "forScanning": true,
      "forPositioning": true
    }
  },
  "rs232devices": {
    "ESP32": {
      "managerName": "ESP32Manager",
      "managerProperties": {
        "host_": "192.168.43.129",
        "serialport_": "COM3",
        "serialport": "COM3",
<<<<<<< Updated upstream
        "baudrate":500000, 
        "debug":1
=======
        "baudrate":115200
>>>>>>> Stashed changes
       }
    }
  },
  "lasers": {
    "488 Laser": {
      "analogChannel": null,
      "digitalLine": null,
      "managerName": "ESP32LEDLaserManager",
      "managerProperties": {
        "rs232device": "ESP32",
        "channel_index":1,
        "filter_change": false,
        "laser_despeckle_period": 10,
        "laser_despeckle_amplitude": 0
      },
      "wavelength": 488,
      "valueRangeMin": 0,
      "valueRangeMax": 512
    },
    "LED Matrix": {
      "analogChannel": null,
      "digitalLine": null,
      "managerName": "ESP32LEDLaserManager",
      "managerProperties": {
        "rs232device": "ESP32",
        "channel_index": "LED",
        "filter_change": false,
        "filter_axis": 3,
        "filter_position": 32000,
        "filter_position_init": -0
      },
      "wavelength": 635,
      "valueRangeMin": 0,
      "valueRangeMax": 255
    }
  },
  "detectors": {
    "WidefieldCamera": {      "analogChannel": null,
      "digitalLine": null,
      "managerName": "GXPIPYManager",
      "managerProperties": {
        "cameraListIndex": 1,
        "gxipycam": {
          "exposure": 20,
          "gain": 0,
          "blacklevel": 10,
          "image_width": 1000,
          "image_height": 1000
        }
      },
      "forAcquisition": true,
      "forFocusLock": true
    }
    },
  "rois": {
    "Full chip": {
      "x": 600,
      "y": 600,
      "w": 1200,
      "h": 1200
    }
  },
  "LEDMatrixs": {
    "ESP32 LEDMatrix": {
      "analogChannel": null,
      "digitalLine": null,
      "managerName": "ESP32LEDMatrixManager",
      "managerProperties": {
        "rs232device": "ESP32",
        "Nx": 4,
        "Ny": 4
      },
      "wavelength": 488,
      "valueRangeMin": 0,
      "valueRangeMax": 32768
    }
  },
  "mct": {
    "monitorIdx": 2,
    "width": 1080,
    "height": 1920,
    "wavelength": 0,
    "pixelSize": 0,
    "angleMount": 0,
    "patternsDirWin": "C:\\Users\\wanghaoran\\Documents\\ImSwitchConfig\\imcontrol_slm\\488\\",
    "patternsDir": "/users/bene/ImSwitchConfig/imcontrol_sim/488"
  },
  "webrtc":{},
  "PixelCalibration": {},
  "availableWidgets": [
    "Settings",
    "Positioner",
    "View",
    "Recording",
    "Image",
    "Laser",
    "Lightsheet",
    "UC2Config",
    "Joystick",
<<<<<<< Updated upstream
    "LEDMatrix",
    "HistoScan", 
    "ROIScan",
    "Lightsheet"
=======
    "LEDMatrix", 
    "ROIScan"
>>>>>>> Stashed changes
  ],
  "nonAvailableWidgets":[
    "STORMRecon",
    "LEDMatrix",
    "MCT",
    "ImSwitchServer",
    "PixelCalibration",
    "Hypha",
    "FocusLock",
    "HistoScan", 
    "FocusLock"]
}
