{
    "detectors": {
        "WidefieldCamera": {
            "analogChannel": null,
            "digitalLine": null,
            "managerName": "AVManager",
            "managerProperties": {
                "cameraListIndex": 1,
                "avcam": {
                    "exposure": 0,
                    "gain": 0,
                    "blacklevel": 100,
                    "image_width": 1000,
                    "image_height": 1000,
                    "pixel_format": "Mono12"
                }
            },
            "forAcquisition": true,
            "forFocusLock": false
        }
    },
    "lasers": {
        "Laser Red": {
            "analogChannel": null,
            "digitalLine": null,
            "managerName": "ESP32LEDLaserManager",
            "managerProperties": {
                "rs232device": "ESP32",
                "channel_index": 2,
                "filter_change": false, 
                "filter_axis": 1,
                "filter_position": 0,
                "filter_position_init": 0,
                "laser_despeckle_period": 0,
                "laser_despeckle_amplitude": 0
            },
            "wavelength": 488,
            "valueRangeMin": 0,
            "valueRangeMax": 32768
        },
        "Laser Blue": {
              "analogChannel": null,
              "digitalLine": null,
              "managerName": "ESP32LEDLaserManager",
              "managerProperties": {
                  "rs232device": "ESP32",
                  "channel_index": 1,
                  "filter_change": false, 
                  "filter_axis": 1,
                  "filter_position": 0,
                  "filter_position_init": 0,
                  "laser_despeckle_period": 0,
                  "laser_despeckle_amplitude": 0
              },
              "wavelength": 488,
              "valueRangeMin": 0,
              "valueRangeMax": 32768
          }          
    },
    "positioners": {
        "LightsheetStage": {
            "analogChannel": null,
            "digitalLine": null,
            "managerName": "ESP32StageManager",
            "managerProperties": {
                "rs232device": "ESP32"
            },
            "axes": [
                "X",
                "Y",
                "Z"
            ],
            "isPositiveDirection": true,
            "forPositioning": true,
            "forScanning": true
        }
    },
    "rs232devices": {
        "ESP32": {
            "managerName": "ESP32Manager",
            "managerProperties": {
                "host_": "192.168.137.95",
                "serialport": "COM3"
            }
        }
    },
    "slm": null,
    "focusLock": null,
    "autofocus": null,
    "scan": null,
    "nidaq": {
        "timerCounterChannel": null,
        "startTrigger": false
    },
    "pulseStreamer": {
        "ipAddress": null
    },
    "pyroServerInfo": {
        "name": "ImSwitchServer",
        "host": "127.0.0.1",
        "port": 54333
    },
    "rois": {
        "Full chip": {
            "x": 600,
            "y": 600,
            "w": 1200,
            "h": 1200
        },
        "feptube": {
            "x": 196,
            "y": 476,
            "w": 588,
            "h": 452
        }
    },
    "mct": {
        "monitorIdx": 2,
        "width": 1080,
        "height": 1920,
        "wavelength": 0,
        "pixelSize": 0,
        "angleMount": 0,
        "patternsDirWin": "C:\\Users\\wanghaoran\\Documents\\ImSwitchConfig\\imcontrol_slm\\488\\",
        "patternsDir": "/users/bene/ImSwitchConfig/imcontrol_sim/488"
      },
    "laserPresets": {},
    "defaultLaserPresetForScan": null,
    "availableWidgets": [
        "Settings",
        "View",
        "Recording",
        "Image",
        "Laser",
        "Positioner",
        "MCT"
    ]
}