{
    "positioners": {
        "LightsheetStage": {
            "analogChannel": null,
            "digitalLine": null,
            "managerName": "ESP32StageManager",
            "managerProperties": {
                "rs232device": "ESP32"
            },
            "axes": [
                "X",
                "Y",
                "Z"
            ],
            "isPositiveDirection": true,
            "forPositioning": true,
            "forScanning": true
        }
    },
    "rs232devices": {
        "ESP32": {
            "managerName": "ESP32Manager",
            "managerProperties": {
                "host_": "192.168.137.95",
                "serialport": "COM3"
            }
        }
    },

  "lasers": {
    "488 Laser": {
      "analogChannel": null,
      "digitalLine": null,
      "managerName": "ESP32LEDLaserManager",
      "managerProperties": {
        "rs232device": "ESP32",
        "channel_index": 2,
        "filter_change": false,
        "laser_despeckle_period": 10,
        "laser_despeckle_amplitude": 0
      },
      "wavelength": 488,
      "valueRangeMin": 0,
      "valueRangeMax": 1024
    },
    "635 Laser": {
      "analogChannel": null,
      "digitalLine": null,
      "managerName": "ESP32LEDLaserManager",
      "managerProperties": {
        "rs232device": "ESP32",
        "channel_index": 1,
        "filter_change": false,
        "laser_despeckle_period": 10,
        "laser_despeckle_amplitude": 0
      },
      "wavelength": 635,
      "valueRangeMin": 0,
      "valueRangeMax": 1024
    },
    "LED": {
      "analogChannel": null,
      "digitalLine": null,
      "managerName": "ESP32LEDLaserManager",
      "managerProperties": {
        "rs232device": "ESP32",
        "channel_index": "3",
        "filter_change": false,
        "filter_axis": 3,
        "filter_position": 32000,
        "filter_position_init": -0
      },
      "wavelength": 635,
      "valueRangeMin": 0,
      "valueRangeMax": 1023
    }
  },
  "detectors": {
    "WidefieldCamera": {
      "ExtPackage": "imswitch_det_webcam",
      "analogChannel": null,
      "digitalLine": null,
      "managerName": "GXPIPYManager",
      "managerProperties": {
        "cameraListIndex": 1,
        "gxipycam": {
          "exposure": 20,
          "gain": 0,
          "blacklevel": 10,
          "image_width": 1000,
          "image_height": 1000
        }
      },
      "forAcquisition": true,
      "forFocusLock": true
    }},
    "LEDMatrixs": {
        "ESP32 LEDMatrix": {
          "analogChannel": null,
          "digitalLine": null,
          "managerName": "ESP32LEDMatrixManager",
          "managerProperties": {
            "rs232device": "ESP32",
            "Nx": 4,
            "Ny": 4
          },
          "wavelength": 488,
          "valueRangeMin": 0,
          "valueRangeMax": 32768
        }
      },    
    "availableWidgets": [
        "Settings",
        "View",
        "Recording",
        "Image",
        "Hypha",
        "Laser",
        "LEDMatrix", 
        "ObjectiveRevolver",
        "BeadRec", 
        "FLIMLabs"
      ]
    }
  