{
  "rs232devices": {
    "ESP32": {
      "managerName": "ESP32Manager",
      "managerProperties": {
        "host_": "192.168.43.129",
        "serialport_windows": "COM5",
        "serialport": "/dev/cu./dev/cu.SLAB_USBtoUART"
      }
    }
  },
  "lasers": {
    "488 Laser": {
      "analogChannel": null,
      "digitalLine": null,
      "managerName": "ESP32LEDLaserManager",
      "managerProperties": {
        "rs232device": "ESP32",
        "channel_index": 1,
        "filter_change": false,
        "laser_despeckle_period": 10,
        "laser_despeckle_amplitude": 0
      },
      "wavelength": 488,
      "valueRangeMin": 0,
      "valueRangeMax": 1024
    },
    "635 Laser": {
      "analogChannel": null,
      "digitalLine": null,
      "managerName": "ESP32LEDLaserManager",
      "managerProperties": {
        "rs232device": "ESP32",
        "channel_index": 2,
        "filter_change": false,
        "laser_despeckle_period": 10,
        "laser_despeckle_amplitude": 0
      },
      "wavelength": 635,
      "valueRangeMin": 0,
      "valueRangeMax": 1024
    },
    "LED": {
      "analogChannel": null,
      "digitalLine": null,
      "managerName": "ESP32LEDLaserManager",
      "managerProperties": {
        "rs232device": "ESP32",
        "channel_index": "LED",
        "filter_change": false,
        "filter_axis": 3,
        "filter_position": 32000,
        "filter_position_init": -0
      },
      "wavelength": 635,
      "valueRangeMin": 0,
      "valueRangeMax": 255
    }
  },
  "detectors": {
    "WidefieldCamera": {
        "analogChannel": null,
        "digitalLine": null,
        "managerName": "WebcamManager",
        "managerProperties": {
            "cameraListIndex": 0,
            "cameraEffPixelsize": 0.1,
            "webcam": {
                "exposure": 0,
                "gain": 0,
                "blacklevel": 100,
                "image_width": 1000,
                "image_height": 1000
            }
        },
        "forAcquisition": true,
        "forFocusLock": true
    }
  },
  "availableWidgets": [
    "Settings",
    "View",
    "Laser",
    "Recording",
    "Image",
    "ImSwitchServer"
  ]
}
