{
    "positioners": {
      "XYZStage": {
          "managerName": "SQUIDStageManager",
          "managerProperties": {
              "rs232device": "SQUID"
          },
          "axes": ["X", "Y", "Z"],
          "forScanning": true,
          "forPositioning": true
      }
  },
  "rs232devices": {
      "SQUID": {
        "managerName": "SQUIDManager",
        "managerProperties": {
          "serialport1":"/dev/cu.usbmodem14501",
          "serialport":"/dev/cu.usbmodem14401"
        }
      }
    },
    "availableWidgets": [
      "Settings",
      "View",
      "Recording",
      "Image",
      "Laser",
      "Positioner",
      "SquidStageScan"
    ]
  }
