{
    "positioners": {
      "LightsheetStage": {
          "managerName": "ESP32StageManager",
          "managerProperties": {
              "rs232device": "ESP32"
          },
          "axes": ["X", "Y", "Z"],
          "forScanning": true,
          "forPositioning": true
      }
  },
  "rs232devices": {
      "ESP32": {
        "managerName": "ESP32Manager",
        "managerProperties": {
          "host_": "192.168.43.129",
          "serialport_": "COM4",
          "serialport":"/dev/cu.wchusbserial1440"
        }
      }
    },
  "lasers": {
    "488 Laser": {
      "analogChannel": null,
      "digitalLine": null,
      "managerName": "ESP32LEDLaserManager",
      "managerProperties": {
          "rs232device": "ESP32",
          "channel_index": "B",
          "filter_change": true
      },
      "wavelength": 488,
      "valueRangeMin": 0,
      "valueRangeMax": 32768
  },
  "635 Laser": {
    "analogChannel": null,
    "digitalLine": null,
    "managerName": "ESP32LEDLaserManager",
    "managerProperties": {
        "rs232device": "ESP32",
        "channel_index": "R",
        "filter_change": true
    },
    "wavelength": 635,
    "valueRangeMin": 0,
    "valueRangeMax": 32768
  },
  "LED": {
    "analogChannel": null,
    "digitalLine": null,
    "managerName": "ESP32LEDLaserManager",
    "managerProperties": {
        "rs232device": "ESP32",
        "channel_index": "W",
        "filter_change": false
    },
    "wavelength": 635,
    "valueRangeMin": 0,
    "valueRangeMax": 32768
  }
},
  "LEDMatrixs": {
    "ESP32 LEDMatrix": {
      "analogChannel": null,
      "digitalLine": null,
      "managerName": "ESP32LEDMatrixManager",
      "managerProperties": {
          "rs232device": "ESP32",
          "channel_index": "B",
          "filter_change": true
      },
      "wavelength": 488,
      "valueRangeMin": 0,
      "valueRangeMax": 32768
  }
  },
  "detectors": {
    "WidefieldCamera": {
      "analogChannel": null,
      "digitalLine": null,
      "managerNameGX": "GXPIPYManager",
      "managerName": "OpenCVCamManager",
      "managerProperties": {
        "cameraListIndex": 0,
        "opencvcam": {
          "exposure": 0,
          "gain": 0,
          "blacklevel": 100,
          "image_width": 1000,
          "image_height": 1000,
          "pixel_format": "Mono12"
        }
      },
      "forAcquisition": true
    }
  },
  "rois": {
    "Full chip": {
      "x": 600,
      "y": 600,
      "w": 1200,
      "h": 1200
    }
  },
    "availableWidgets": [
      "Settings",
      "View",
      "Recording",
      "Image",
      "Laser",
      "Positioner",
      "WellPlate",
      "LEDMatrix"
    ]
  }
