{
    "detectors": {
        "WidefieldCamera": {
            "analogChannel": null,
            "digitalLine": null,
            "managerName": "GXPIPYManager",
            "managerProperties": {
                "cameraListIndex": 1,
                "gxipycam": {
                    "exposure": 1,
                    "gain": 0,
                    "blacklevel": 10,
                    "image_width": 1000,
                    "image_height": 1000
                }
            },
            "forAcquisition": true,
            "forFocusLock": true
        }
    },
    "lasers": {
        "488 Laser": {
          "analogChannel": null,
          "digitalLine": null,
          "managerName": "ESP32LEDLaserManager",
          "managerProperties": {
            "rs232device": "ESP32",
            "channel_index": 1,
            "filter_change": false,
            "laser_despeckle_period": 10,
            "laser_despeckle_amplitude": 0
          },
          "wavelength": 488,
          "valueRangeMin": 0,
          "valueRangeMax": 1024
        },
        "635 Laser": {
          "analogChannel": null,
          "digitalLine": null,
          "managerName": "ESP32LEDLaserManager",
          "managerProperties": {
            "rs232device": "ESP32",
            "channel_index": 2,
            "filter_change": false,
            "laser_despeckle_period": 10,
            "laser_despeckle_amplitude": 0
          },
          "wavelength": 635,
          "valueRangeMin": 0,
          "valueRangeMax": 1024
        }
    },
    "rs232devices": {
        "ESP32": {
            "managerName": "ESP32Manager",
            "managerProperties": {
                "host_": "192.168.43.129",
                "serialport": "COM12",
                "serialport_MAC": "/dev/cu./dev/cu.SLAB_USBtoUART"
            }
        }
    },
    "sim": {
        "fastAPISIM_host": "192.168.137.191",
        "fastAPISIM_port": "8000",
        "isFastAPISIM": true,
        "nPhases": 3, 
        "nRotations": 2,
        "simPixelsize": 2.3,
        "simMagnefication": 15,
        "simNA": 0.5, 
        "simETA": 0.6, 
        "simN": 1.3
        
    },
    "availableWidgets": [
        "Settings",
        "View",
        "Recording",
        "Image",
        "UC2Config",
        "SIM",
        "Laser"
    ]
}