{
  "positioners": {
    "ESP32Stage": {
        "managerName": "ESP32StageManager",
        "managerProperties": {
            "rs232device": "ESP32"
        },
        "axes": ["X", "Y", "Z"],
        "forScanning": true,
        "forPositioning": true
    }
},
"rs232devices": {
    "ESP32": {
      "managerName": "ESP32Manager",
      "managerProperties": {
        "host_": "192.168.43.129",
        "serialport_windows": "COM3",
        "serialport": "/dev/cu./dev/cu.SLAB_USBtoUART"
      }
    }
  },
"lasers": {
  "488 Laser": {
    "analogChannel": null,
    "digitalLine": null,
    "managerName": "ESP32LEDLaserManager",
    "managerProperties": {
        "rs232device": "ESP32",
        "channel_index": 1,
        "filter_change": false, 
        "filter_axis": 3,
        "filter_position": 32000,
        "filter_position_init": -32000,
        "laser_despeckle_period": 10,
        "laser_despeckle_amplitude": 0.1
    },
    "wavelength": 488,
    "valueRangeMin": 0,
    "valueRangeMax": 32768
},
"635 Laser": {
  "analogChannel": null,
  "digitalLine": null,
  "managerName": "ESP32LEDLaserManager",
  "managerProperties": {
      "rs232device": "ESP32",
      "channel_index": 2,
      "filter_change": false,
      "filter_axis": 3,
      "filter_position": 18000,
      "filter_position_init": -0,
      "laser_despeckle_period": 10,
      "laser_despeckle_amplitude": 0.1
  },
  "wavelength": 635,
  "valueRangeMin": 0,
  "valueRangeMax": 32768
},
"LED": {
  "analogChannel": null,
  "digitalLine": null,
  "managerName": "ESP32LEDLaserManager",
  "managerProperties": {
      "rs232device": "ESP32",
      "channel_index": "LED",
      "filter_change": false,
      "filter_axis": 3,
      "filter_position": 32000,
      "filter_position_init": -0
  },
  "wavelength": 635,
  "valueRangeMin": 0,
  "valueRangeMax": 255
}
},
"detectors": {
    "WidefieldCamera": {
      "analogChannel": null,
      "digitalLine": null,
      "managerNameGX": "GXPIPYManager",
      "managerName": "AVManager",
      "managerProperties": {
        "cameraListIndex": 1,
        "avcam": {
          "exposure": 0,
          "gain": 0,
          "blacklevel": 100,
          "image_width": 1000,
          "image_height": 1000,
          "pixel_format": "Mono12"
        }
      },
      "forAcquisition": true
    }
  },
"rois": {
  "Full chip": {
    "x": 600,
    "y": 600,
    "w": 1200,
    "h": 1200
  }
},
"LEDMatrixs": {
    "ESP32 LEDMatrix": {
      "analogChannel": null,
      "digitalLine": null,
      "managerName": "ESP32LEDMatrixManager",
      "managerProperties": {
          "rs232device": "ESP32",
          "channel_index": "B",
          "filter_change": false
      },
      "wavelength": 488,
      "valueRangeMin": 0,
      "valueRangeMax": 32768
  }
  },
  "autofocus": {
    "camera": "WidefieldCamera",
    "positioner": "ESP32Stage",
    "updateFreq": 10,
    "frameCropx": 780,
    "frameCropy": 400,
    "frameCropw": 500,
    "frameCroph": 100
  },
  "scan": {
    "scanDesigner": "BetaScanDesigner",
    "scanDesignerParams": {
        "return_time": 0.01
    },
    "TTLCycleDesigner": "BetaTTLCycleDesigner",
    "TTLCycleDesignerParams": {},
    "sampleRate": 100000
},
"mct": {
  "monitorIdx": 2,
  "width": 1080,
  "height": 1920,
  "wavelength": 0,
  "pixelSize": 0,
  "angleMount": 0,
  "patternsDirWin": "C:\\Users\\wanghaoran\\Documents\\ImSwitchConfig\\imcontrol_slm\\488\\",
  "patternsDir": "/users/bene/ImSwitchConfig/imcontrol_sim/488"
},
  "availableWidgets": [
    "Settings",
    "View",
    "Recording",
    "Image",
    "Laser",
    "Positioner",
    "Autofocus",
    "LEDMatrix",
    "Scan",
    "MCT"
  ]
}
