{
    "detectors": {
        "LightSheet": {
            "analogChannel": null,
            "digitalLine": null,
            "managerName": "GXPIPYManager",
            "managerProperties": {
                "cameraListIndex": 1,
                "gxipycam": {
                    "exposure": 0,
                    "gain": 0,
                    "blacklevel": 100,
                    "image_width": 1000,
                    "image_height": 1000,
                    "binning": 2
                }
            },
            "forAcquisition": true,
            "forFocusLock": true
        },
        "Holography": {
            "analogChannel": null,
            "digitalLine": null,
            "managerName": "GXPIPYManager",
            "managerProperties": {
                "cameraListIndex": 2,
                "gxipycam": {
                    "exposure": 0,
                    "gain": 0,
                    "blacklevel": 100,
                    "image_width": 1000,
                    "image_height": 1000,
                    "binning": 2
                }
            },
            "forAcquisition": true,
            "forFocusLock": true
        }
    },
    "lasers": {
        "635 Laser": {
            "analogChannel": null,
            "digitalLine": null,
            "managerName": "ESP32LEDLaserManager",
            "managerProperties": {
                "rs232device": "ESP32",
                "channel_index": 1,
                "filter_change": false
            },
            "valueRangeMin": 0,
            "valueRangeMax": 255,
            "wavelength": 635,
            "valueRangeStep": 1.0
        },
        "LED": {
            "analogChannel": null,
            "digitalLine": null,
            "managerName": "ESP32LEDLaserManager",
            "managerProperties": {
                "rs232device": "ESP32",
                "channel_index": 2,
                "filter_change": false
            },
            "valueRangeMin": 0,
            "valueRangeMax": 255,
            "wavelength": 0,
            "valueRangeStep": 1.0
        }
    },
    "positioners": {
        "ESPStage": {
            "analogChannel": null,
            "digitalLine": null,
            "managerName": "ESP32StageManager",
            "managerProperties": {
                "rs232device": "ESP32"
            },
            "axes": [
                "X",
                "Y",
                "Z"
            ],
            "isPositiveDirection": true,
            "forPositioning": true,
            "forScanning": true
        }
    },
    "rs232devices": {
        "ESP32": {
            "managerName": "ESP32Manager",
            "managerProperties": {
                "host_": "192.168.43.129",
                "serialport": "COM7",
                "serialport_mac": "/dev/cu./dev/cu.SLAB_USBtoUART"
            }
        }
    },
    "slm": null,
    "focusLock": null,
    "autofocus": null,
    "scan": null,
    "nidaq": {
        "timerCounterChannel": null,
        "startTrigger": false
    },
    "pulseStreamer": {
        "ipAddress": null
    },
    "pyroServerInfo": {
        "name": "ImSwitchServer",
        "host": "127.0.0.1",
        "port": 54333
    },
    "rois": {
        "Full chip": {
            "x": 600,
            "y": 600,
            "w": 1200,
            "h": 1200
        },
        "test": {
            "x": 1000,
            "y": 1000,
            "w": 1000,
            "h": 1000
        }
    },
    "laserPresets": {},
    "defaultLaserPresetForScan": null,
    "availableWidgets": [
        "Settings",
        "View",
        "Recording",
        "Image",
        "Laser",
        "Positioner",
        "Holo"
    ]
}