{
  "rs232devices": {
    "ESP32": {
      "managerName": "ESP32Manager",
      "managerProperties": {
        "host_": "192.168.43.129",
        "serialport": "COM9",
        "serialport_mac": "/dev/cu./dev/cu.SLAB_USBtoUART"
      }
    }
  },
  "positioners": {
    "ESPStage": {
        "managerName": "ESP32StageManager",
        "managerProperties": {
            "rs232device": "ESP32"
        },
        "axes": ["X", "Y", "Z"],
        "forScanning": true,
        "forPositioning": true
    }
},
"lasers":{
"635 Laser": {
  "analogChannel": null,
  "digitalLine": null,
  "managerName": "ESP32LEDLaserManager",
  "managerProperties": {
      "rs232device": "ESP32",
      "channel_index": 1,
      "filter_change": false
  },
  "wavelength": 635,
  "valueRangeMin": 0,
  "valueRangeMax": 255
},
"LED": {
  "analogChannel": null,
  "digitalLine": null,
  "managerName": "ESP32LEDLaserManager",
  "managerProperties": {
      "rs232device": "ESP32",
      "channel_index": 2,
      "filter_change": false
  },
  "wavelength": 0,
  "valueRangeMin": 0,
  "valueRangeMax": 255
}
},
"detectors": {
  "WidefieldCamera": {
    "analogChannel": null,
    "digitalLine": null,
    "managerName": "AVManager",
    "managerProperties": {
      "cameraListIndex": 1,
      "avcam": {
        "exposure": 0,
        "gain": 0,
        "blacklevel": 100,
        "image_width": 1000,
        "image_height": 1000,
        "pixel_format": "Mono12"
      }
    },
    "forAcquisition": true
  }
},
"rois": {
  "Full chip": {
    "x": 600,
    "y": 600,
    "w": 1200,
    "h": 1200
  }
},
  "availableWidgets": [
    "Settings",
    "View",
    "Recording",
    "Image",
    "Laser",
    "Positioner",
    "Autofocus"
  ],
  "autofocus": {
    "camera": "WidefieldCamera",
    "positioner": "ESPStage",
    "updateFreq": 10,
    "frameCropx": 780,
    "frameCropy": 400,
    "frameCropw": 500,
    "frameCroph": 100
  }
}
