{
"detectors": {
  "WidefieldCamera": {
    "analogChannel": null,
    "digitalLine": null,
    "managerName": "AVManager",
    "managerProperties": {
      "cameraListIndex": 1,
      "avcam": {
        "exposure": 0,
        "gain": 0,
        "blacklevel": 100,
        "image_width": 1000,
        "image_height": 1000
      }
    },
    "forAcquisition": true
  }
},
  "rois": {
    "Full chip": {
      "x": 0,
      "y": 0,
      "w": 1000,
      "h": 2048
    }
  },
  "availableWidgets": [
    "Settings",
    "View",
    "Recording",
    "Image",

    ]
}
