{
  "positioners": {
    "LightsheetStage": {
        "managerName": "GRBLStageManager",
        "managerProperties": {
          "rs232device": "GRBL",
          "host": "192.168.137.126"
        },
        "axes": ["X", "Y", "Z"],
        "forScanning": true,
        "forPositioning": true
    },
    "LabThig": {
      "managerName": "LabThingManager",
      "managerProperties": {
      },
      "axes": ["X", "Y", "Z"],
      "forScanning": true,
      "forPositioning": true
    }
},
"rs232devices": {
  "GRBL": {
    "managerName": "GRBLManager",
    "managerProperties": {
      "port": "COM4",
      "is_home": false
    }
  }
},
"detectors": {
  "WidefieldCamera": {
    "analogChannel": null,
    "digitalLine": null,
    "managerName": "PiCamManager",
    "managerProperties": {
      "cameraListIndex": 1,
      "cameraHost": "http://0.0.0.0",
      "cameraPort": "5000",
      "picam": {
        "exposure": 0,
        "gain": 0,
        "blacklevel": 100,
        "image_width": 1000,
        "image_height": 1000
      }
    },
    "forAcquisition": true
  }
},
  "rois": {
    "Full chip": {
      "x": 600,
      "y": 600,
      "w": 1200,
      "h": 1200
    }
  },
  "availableWidgets": [
    "Settings",
    "View",
    "Recording",
    "Image",
    "WellPlate",
    "LabThing"
  ]
}
