{
    "rs232devices": {
        "ESP32": {
            "managerName": "ESP32Manager",
            "managerProperties": {
                "host_": "192.168.43.129",
                "serialport": "COM5",
                "debug":1
            }

        }
    },
    "positioners": {
            "ESP32Stage": {
              "managerName": "ESP32StageManager",
              "managerProperties": {
                "rs232device": "ESP32",
                "isEnable": true,
                "enableauto": true,
                "stepsizeX": -0.3125,
                "stepsizeY": -0.3125,
                "stepsizeZ": 0.3125,
                "homeSpeedX": 15000,
                "homeSpeedY": 15000,
                "homeSpeedZ": 15000,
                "homeEndstoppolarityX":1, 
                "homeEndstoppolarityY":1,
                "homeOnStartX":1,
                "homeOnStartY":1,
                "isDualaxis": true,
                "homeDirectionX": 1,
                "backlashX": 15,
                "backlashY": 40,
                "homeDirectionY": 1,
                "homeDirectionZ": 0,
                "homeXenabled": 1, 
                "homeYenabled": 1, 
                "homeZenabled": 0, 
                "initialSpeed": {
                  "X": 15000,
                  "Y": 15000,
                  "Z": 15000,
                  "A": 15000
                }
              },
              "axes": [
                "X",
                "Y",
                "Z",
                "A"
              ],
              "forScanning": true,
              "forPositioning": true
            }
          },
    "lasers": {
        "LED Matrix": {
            "analogChannel": null,
            "digitalLine": null,
            "managerName": "ESP32LEDLaserManager",
            "managerProperties": {
                "rs232device": "ESP32",
                "channel_index": "LED",
                "filter_change": false,
                "filter_axis": 3,
                "filter_position": 32000,
                "filter_position_init": -0
            },
            "wavelength": 635,
            "valueRangeMin": 0,
            "valueRangeMax": 255
        }
    },
    "detectors": {
        "WidefieldCamera": {
            "analogChannel": null,
            "digitalLine": null,
            "managerName": "AVManager",
            "managerProperties": {
                "cameraListIndex": 0,
                "cameraEffPixelsize": 0.978,
                "avcam": {
                    "exposure": 1,
                    "gain": 0,
                    "blacklevel": 10,
                    "image_width": 1000,
                    "image_height": 1000,
                    "pixel_format": "Mono12"
                }
            },
            "forAcquisition": true
        }
    },
    "rois": {
        "Full chip": {
            "x": 600,
            "y": 600,
            "w": 1200,
            "h": 1200
        }
    },
    "LEDMatrixs": {
        "ESP32 LEDMatrix": {
            "analogChannel": null,
            "digitalLine": null,
            "managerName": "ESP32LEDMatrixManager",
            "managerProperties": {
                "rs232device": "ESP32",
                "Nx": 4,
                "Ny": 4
            },
            "wavelength": 488,
            "valueRangeMin": 0,
            "valueRangeMax": 32768
        }
    },
    "autofocus": {
        "camera": "WidefieldCamera",
        "positioner": "ESP32Stage",
        "updateFreq": 10,
        "frameCropx": 780,
        "frameCropy": 400,
        "frameCropw": 500,
        "frameCroph": 100
    },
    "uc2Config": {
        "defaultConfig": "pindefWemos.json",
        "defaultConfig2": "pindefUC2Standalon2.json",
        "defaultConfig1": "pindefUC2Standalon.json"
    },
    "mct": {
        "monitorIdx": 2,
        "width": 1080,
        "height": 1920,
        "wavelength": 0,
        "pixelSize": 0,
        "angleMount": 0,
        "patternsDirWin": "C:\\Users\\wanghaoran\\Documents\\ImSwitchConfig\\imcontrol_slm\\488\\",
        "patternsDir": "/users/bene/ImSwitchConfig/imcontrol_sim/488"
    },
    "dpc": {
        "wavelength": 0.53,
        "pixelsize": 0.2,
        "NA": 0.3,
        "NAi": 0.3,
        "n": 1.0,
        "rotations": [
            0,
            180,
            90,
            270
        ]
    },
    "webrtc": {},
    "PixelCalibration": {},
    "availableWidgets": [
        "Settings",
        "Positioner",
        "View",
        "Recording",
        "Image",
        "Laser",
        "UC2Config",
        "HistoScan",
        "ROIScan",
        "Autofocus"
    ],
    "nonAvailableWidgets": [
        "STORMRecon",
        "LEDMatrix",
        "Joystick",
        "LEDMatrix",
        "MCT",
        "ImSwitchServer",
        "PixelCalibration",
        "Hypha",
        "FocusLock",
        "HistoScan",
        "FocusLock"
    ]
}