{
  "rs232devices": {
    "ESP32": {
      "managerName": "ESP32Manager",
      "managerProperties": {
        "host_": "192.168.43.129",
        "serialport": "dummy"
      }
    }
  },
  "detectors": {
    "WidefieldCamera": {
      "analogChannel": null,
      "digitalLine": null,
      "managerName": "PCOManager",
      "managerProperties": {
        "cameraListIndex": 0,
        "PCOcam": {
          "exposure": 0
        }
      },
      "forAcquisition": true
    },    
    "ESP32Cam": {
        "analogChannel": null,
        "digitalLine": null,
        "managerName": "ESP32SerialCamManager",
        "managerProperties": {
          "cameraListIndex": 1,
          "gxipycam": {
            "exposure": 20,
            "gain": 0,
            "blacklevel": 10,
            "image_width": 1000,
            "image_height": 1000
          }
        },
        "forAcquisition": true,
        "forFocusLock": true
      }
  },
  "lasers": {
    "Lens 1": {
      "analogChannel": null,
      "digitalLine": null,
      "managerName": "ESP32LEDLaserManager",
      "managerProperties": {
        "rs232device": "ESP32",
        "channel_index": 1
      },
      "wavelength": 488,
      "valueRangeMin": 0,
      "valueRangeMax": 1024
    },
    "Lens 2": {
      "analogChannel": null,
      "digitalLine": null,
      "managerName": "ESP32LEDLaserManager",
      "managerProperties": {
        "rs232device": "ESP32",
        "channel_index": 2
      },
      "wavelength": 635,
      "valueRangeMin": 0,
      "valueRangeMax": 1024
    },
    "Laser 635": {
        "analogChannel": null,
        "digitalLine": null,
        "managerName": "ESP32LEDLaserManager",
        "managerProperties": {
          "rs232device": "ESP32",
          "channel_index": 3
                },
        "wavelength": 635,
        "valueRangeMin": 0,
        "valueRangeMax": 1024
      }
  },
  "rois": {
    "Full chip": {
      "x": 600,
      "y": 600,
      "w": 1200,
      "h": 1200
    }
  },
    "availableWidgets": [
      "Settings",
      "View",
      "Recording",
      "Laser",
      "Image"
    ]
  }
