{
    "positioners": {
        "LightsheetStage": {
            "managerName": "ESP32StageManager",
            "managerProperties": {
                "rs232device": "ESP32"
            },
            "axes": [
                "X",
                "Y",
                "Z"
            ],
            "forScanning": true,
            "forPositioning": true
        }
    },
    "rs232devices": {
        "ESP32": {
            "managerName": "ESP32Manager",
            "managerProperties": {
                "host_": "192.168.43.129",
                "serialport_": "COM4",
                "serialport": "/dev/cu.wchusbserial1440"
            }
        }
    },
    "lasers": {
        "LED": {
          "analogChannel": null,
          "digitalLine": null,
          "managerName": "ESP32LEDLaserManager",
          "managerProperties": {
            "rs232device": "ESP32",
            "channel_index": "LED",
            "filter_change": false,
            "filter_axis": 3,
            "filter_position": 32000,
            "filter_position_init": -0
          },
          "wavelength": 635,
          "valueRangeMin": 0,
          "valueRangeMax": 255
        }
      },
    "LEDMatrixs": {
        "ESP32 LEDMatrix": {
            "analogChannel": null,
            "digitalLine": null,
            "managerName": "ESP32LEDMatrixManager",
            "managerProperties": {
                "rs232device": "ESP32",
                "channel_index": "B",
                "filter_change": true
            },
            "wavelength": 488,
            "valueRangeMin": 0,
            "valueRangeMax": 32768
        }
    },
    "detectors": {
        "WidefieldCamera": {
            "analogChannel": null,
            "digitalLine": null,
            "managerNameGX": "GXPIPYManager",
            "managerName": "OpenCVCamManager",
            "managerProperties": {
                "cameraListIndex": 1,
                "opencvcam": {
                    "exposure": 0,
                    "gain": 0,
                    "blacklevel": 100,
                    "image_width": 1000,
                    "image_height": 1000,
                    "pixel_format": "Mono12"
                }
            },
            "forAcquisition": true
        }
    },
    "rois": {
        "Full chip": {
            "x": 600,
            "y": 600,
            "w": 1200,
            "h": 1200
        }
    },
    "MCT": {},
    "availableWidgets": [
        "Settings",
        "View",
        "Recording",
        "Image",
        "Laser",
        "Positioner",
        "LEDMatrix", 
        "MCT"
    ]
}