{
  "positioners": {
    "VirtualStage": {
      "managerName": "VirtualStageManager",
      "managerProperties": {
        "rs232device": "VirtualMicroscope",
        "isEnable": false,
        "enableauto": true,
        "stepsizeZ": 0.3125,
        "stepsizeA": 0.3125,
        "initialSpeed": { "X": 15000, "Y": 15000, "Z": 15000, "A": 15000 }
      },
      "axes": ["A", "X", "Y", "Z"],
      "forScanning": true,
      "forPositioning": true
    }
  },
  "rs232devices": {
    "VirtualMicroscope": {
      "managerName": "VirtualMicroscopeManager",
      "managerProperties": {
        "imagePath": ""
      }
    }
  },
  "LEDMatrixs": {
    "ESP32 LEDMatrix": {
      "analogChannel": null,
      "digitalLine": null,
      "managerName": "ESP32LEDMatrixManager",
      "managerProperties": {
        "rs232device": "ESP32",
        "Nx": 4,
        "Ny": 4,
        "wavelength": 488,
        "valueRangeMin": 0,
        "valueRangeMax": 32768
      }
    }
  },
  "lasers": {
    "LED": {
      "analogChannel": null,
      "digitalLine": null,
      "managerName": "VirtualLaserManager",
      "managerProperties": {
        "rs232device": "VirtualMicroscope",
        "channel_index": 1
      },
      "wavelength": 635,
      "valueRangeMin": 0,
      "valueRangeMax": 1023
    }
  },
  "detectors": {
    "WidefieldCamera": {
      "analogChannel": null,
      "digitalLine": null,
      "managerName": "VirtualCameraManager",
      "managerProperties": {
        "isRGB": 0,
        "cameraListIndex": 0,
        "cameraEffPixelsize": 1,
        "virtcam": {
          "exposure": 0,
          "gain": 0,
          "blacklevel": 100,
          "image_width": 1000,
          "image_height": 1000
        }
      },
      "forAcquisition": true,
      "forFocusLock": true
    }
  },
  "rois": {
    "Full chip": {
      "x": 600,
      "y": 600,
      "w": 1200,
      "h": 1200
    }
  },
  "autofocus": {
    "camera": "WidefieldCamera",
    "positioner": "ESP32Stage",
    "updateFreq": 10,
    "frameCropx": 780,
    "frameCropy": 400,
    "frameCropw": 500,
    "frameCroph": 100
  },
  "mct": {
    "monitorIdx": 2,
    "width": 1080,
    "height": 1920,
    "wavelength": 0,
    "pixelSize": 0,
    "angleMount": 0,
    "patternsDirWin": "C:\\Users\\wanghaoran\\Documents\\ImSwitchConfig\\imcontrol_slm\\488\\",
    "patternsDir": "/users/bene/ImSwitchConfig/imcontrol_sim/488"
  },
  "webrtc": {},
  "PixelCalibration": {},
  "availableWidgets": [
    "Settings",
    "View",
    "Recording",
    "Image",
    "Laser",
    "Positioner",
    "UC2Config",
    "Hypha",
    "FlowStop"
  ],
  "nonAvailableWidgets": [
    "UC2Config",
    "LEDMatrix",
    "Hypha",
    "FlowStop",
    "Hypha",
    "FocusLock",
    "HistoScan",
    "STORMRecon",
    "DPC",
    "ImSwitchServer",
    "PixelCalibration",
    "FocusLock"
  ]
}
