{
    "positioners": {
        "ESP32Stage": {
            "managerName": "ESP32StageManager",
            "managerProperties": {
                "rs232device": "ESP32",
                "isEnable": true,
                "enableauto": false,
                "stepsizeX": 11.7,
                "stepsizeY": 11.7,
                "stepsizeZ": 0.3125,
                "homeSpeedX": 1000,
                "homeSpeedY": 1000,
                "homeSpeedZ": 1000,
                "isDualaxis": true,
                "homeDirectionX": 1,
                "backlashXOld": 15,
                "backlashYOld": 40,
                "backlashX": 0,
                "backlashY": 0,
                "homeEndstoppolarityX": 0,
                "homeEndstoppolarityY": 0,
                "homeDirectionY": -1,
                "homeDirectionZ": 0,
                "homeXenabled": 1,
                "homeYenabled": 1,
                "homeZenabled": 0,
                "initialSpeed": {
                    "X": 1500,
                    "Y": 1500,
                    "Z": 1500
                }
            },
            "axes": [
                "X",
                "Y",
                "Z"
            ],
            "forScanning": true,
            "forPositioning": true
        }
    },
    "rs232devices": {
        "ESP32": {
            "managerName": "ESP32Manager",
            "managerProperties": {
                "host_": "192.168.43.129",
                "serialport": "COM3"
            }
        }
    },
    "lasers": {
        "LED": {
            "analogChannel": null,
            "digitalLine": null,
            "managerName": "ESP32LEDLaserManager",
            "managerProperties": {
                "rs232device": "ESP32",
                "channel_index": "LED",
                "filter_change": false,
                "filter_axis": 3,
                "filter_position": 32000,
                "filter_position_init": -0
            },
            "wavelength": 635,
            "valueRangeMin": 0,
            "valueRangeMax": 255
        }
    },
    "detectors": {
        "WidefieldCamera": {
            "analogChannel": null,
            "digitalLine": null,
            "managerName": "AVManager",
            "managerProperties": {
                "cameraListIndex": 1,
                "avcam": {
                    "exposure": 0,
                    "gain": 0,
                    "blacklevel": 100,
                    "image_width": 1000,
                    "image_height": 1000,
                    "pixel_format": "Mono12"
                }
            },
            "forAcquisition": true,
            "forFocusLock": false
        }
    },
    "rois": {
        "Full chip": {
            "x": 600,
            "y": 600,
            "w": 1200,
            "h": 1200
        }
    },
    "LEDMatrixs": {
        "ESP32 LEDMatrix": {
            "analogChannel": null,
            "digitalLine": null,
            "managerName": "ESP32LEDMatrixManager",
            "managerProperties": {
                "rs232device": "ESP32",
                "Nx": 4,
                "Ny": 4
            },
            "wavelength": 488,
            "valueRangeMin": 0,
            "valueRangeMax": 32768
        }
    },
    "autofocus": {
        "camera": "WidefieldCamera",
        "positioner": "ESP32Stage",
        "updateFreq": 10,
        "frameCropx": 780,
        "frameCropy": 400,
        "frameCropw": 500,
        "frameCroph": 100
    },
    "availableWidgets": [
        "Settings",
        "View",
        "Recording",
        "Image",
        "Laser",
        "Positioner",
        "Autofocus",
        "ROIScan", 
        "Histoscan"
    ]
}