{
    "detectors": {
        "LightSheet": {
            "analogChannel": null,
            "digitalLine": null,
            "managerName": "GXPIPYManager",
            "managerProperties": {
                "cameraListIndex": 1,
                "gxipycam": {
                    "exposure": 0,
                    "gain": 0,
                    "blacklevel": 100,
                    "image_width": 1000,
                    "image_height": 1000,
                    "binning": 2
                }
            },
            "forAcquisition": true,
            "forFocusLock": true
        }
    },
    "lasers": {
        "488 Laser": {
            "analogChannel": null,
            "digitalLine": null,
            "managerName": "ESP32LEDLaserManager",
            "managerProperties": {
                "rs232device": "ESP32",
                "channel_index": "",
                "filter_change": false
            },
            "valueRangeMin": 0,
            "valueRangeMax": 32768,
            "wavelength": 488,
            "freqRangeMin": 0,
            "freqRangeMax": 0,
            "freqRangeInit": 0,
            "valueRangeStep": 1.0
        },
        "LED": {
            "analogChannel": null,
            "digitalLine": null,
            "managerName": "ESP32LEDLaserManager",
            "managerProperties": {
                "rs232device": "ESP32",
                "channel_index": "W",
                "filter_change": false
            },
            "valueRangeMin": 0,
            "valueRangeMax": 32768,
            "wavelength": 1000,
            "freqRangeMin": 0,
            "freqRangeMax": 0,
            "freqRangeInit": 0,
            "valueRangeStep": 1.0
        },
        "Lightsheet X-position": {
            "analogChannel": null,
            "digitalLine": null,
            "managerName": "ESP32LightSheetManager",
            "managerProperties": {
                "rs232device": "ESP32",
                "axis": "pos_x"
            },
            "valueRangeMin": 0,
            "valueRangeMax": 255,
            "wavelength": 0,
            "freqRangeMin": 0,
            "freqRangeMax": 0,
            "freqRangeInit": 0,
            "valueRangeStep": 1.0
        },
        "Lightsheet Y-Amplitude": {
            "analogChannel": null,
            "digitalLine": null,
            "managerName": "ESP32LightSheetManager",
            "managerProperties": {
                "rs232device": "ESP32",
                "axis": "amp_y"
            },
            "valueRangeMin": 0,
            "valueRangeMax": 255,
            "wavelength": 0,
            "freqRangeMin": 0,
            "freqRangeMax": 0,
            "freqRangeInit": 0,
            "valueRangeStep": 1.0
        }
    },
    "positioners": {
        "LightsheetStage": {
            "analogChannel": null,
            "digitalLine": null,
            "managerName": "ESP32StageManager",
            "managerProperties": {
                "rs232device": "ESP32"
            },
            "axes": [
                "X",
                "Y",
                "Z"
            ],
            "isPositiveDirection": true,
            "forPositioning": true,
            "forScanning": true
        }
    },
    "rs232devices": {
        "ESP32": {
            "managerName": "ESP32Manager",
            "managerProperties": {
                "host_": "192.168.137.95",
                "serialport": "COM3"
            }
        }
    },
    "slm": null,
    "focusLock": null,
    "autofocus": null,
    "scan": null,
    "nidaq": {
        "timerCounterChannel": null,
        "startTrigger": false
    },
    "pulseStreamer": {
        "ipAddress": null
    },
    "pyroServerInfo": {
        "name": "ImSwitchServer",
        "host": "127.0.0.1",
        "port": 54333
    },
    "rois": {
        "Full chip": {
            "x": 600,
            "y": 600,
            "w": 1200,
            "h": 1200
        },
        "feptube": {
            "x": 916,
            "y": 948,
            "w": 896,
            "h": 620
        }
    },
    "laserPresets": {},
    "defaultLaserPresetForScan": null,
    "availableWidgets": [
        "Settings",
        "View",
        "Recording",
        "Image",
        "Laser",
        "Positioner",
        "LightSheet"
    ]
}