{
    "positioners": {
      "LightsheetStage": {
          "managerName": "GRBLStageManager",
          "managerProperties": {
            "rs232device": "GRBL",
            "host": "192.168.137.206"
          },
          "axes": ["X", "Y", "Z"],
          "forScanning": true,
          "forPositioning": true
      }
  },
  "rs232devices": {
    "GRBL": {
      "managerName": "GRBLManager",
      "managerProperties": {
        "port": "COM4",
        "is_home": false
      }
    }
  },
  "635 Lasesr": {
    "analogChannel": null,
    "digitalLine": null,
    "managerName": "GRBLLaserManager",
    "managerProperties": {
        "rs232device": "GRBL",
        "channel": "LASER"
    },
    "wavelength": 635,
    "valueRangeMin": 0,
    "valueRangeMax": 1023,
    "valueRangeStep": 1
  },
  "White LED": {
    "analogChannel": null,
    "digitalLine": null,
    "managerName": "GRBLLaserManager",
    "managerProperties": {
        "rs232device": "GRBL",
        "channel": "LED"
    },
    "wavelength": 500,
    "valueRangeMin": 0,
    "valueRangeMax": 1,
    "valueRangeStep": 1
  },
  "detectors": {
    "WidefieldCamera": {
      "analogChannel": null,
      "digitalLine": null,
      "managerName": "GXPIPYManager",
      "managerProperties": {
        "cameraListIndex": 1,
        "gxipycam": {
          "exposure": 0,
          "gain": 0,
          "blacklevel": 100,
          "image_width": 1000,
          "image_height": 1000
        }
      },
      "forAcquisition": true
    }
  },
  "rois": {
    "Full chip": {
      "x": 600,
      "y": 600,
      "w": 1200,
      "h": 1200
    }
  },
    "availableWidgets": [
      "Settings",
      "View",
      "Recording",
      "Image",
      "Laser",
      "Positioner"
    ]
  }
  