{
  "positioners": {
    "LightsheetStage": {
        "managerName": "ESP32StageManager",
        "managerProperties": {
          "rs232device": "ESP32"
        },
        "axes": ["X", "Y", "Z"],
        "forScanning": true,
        "forPositioning": true
    }
},
"rs232devices": {
  "ESP32": {
    "managerName": "ESP32Manager",
    "managerProperties": {
      "host": "192.168.137.95"
    }
  }
},
"lasers": {
  "488 Laser": {
    "analogChannel": null,
    "digitalLine": null,
    "managerName": "ESP32LEDLaserManager",
    "managerProperties": {
        "rs232device": "ESP32",
        "channel_index": "",
        "filter_change": false
    },
    "wavelength": 488,
    "valueRangeMin": 0,
    "valueRangeMax": 32768
},
"Lightsheet X-position": {
    "analogChannel": null,
    "digitalLine": null,
    "managerName": "ESP32LightSheetManager",
    "managerProperties": {
        "rs232device": "ESP32",
        "axis": "pos_x"
    },
    "wavelength": 0,
    "valueRangeMin": 0,
    "valueRangeMax": 255
  },
  "Lightsheet Y-Amplitude": {
    "analogChannel": null,
    "digitalLine": null,
    "managerName": "ESP32LightSheetManager",
    "managerProperties": {
        "rs232device": "ESP32",
        "axis": "amp_y"
    },
    "wavelength": 0,
    "valueRangeMin": 0,
    "valueRangeMax": 255
  }  
},
"detectors": {
  "HoloCamera": {
    "analogChannel": null,
    "digitalLine": null,
    "managerNameGX": "GXPIPYManager",
    "managerName": "AVManager",
    "managerProperties": {
      "cameraListIndex": 1,
      "avcam": {
        "exposure": 0,
        "gain": 0,
        "blacklevel": 100,
        "image_width": 1000,
        "image_height": 1000,
        "pixel_format": "Mono12"
      }
    },
    "forAcquisition": true
  }
},
"rois": {
  "Full chip": {
    "x": 600,
    "y": 600,
    "w": 1200,
    "h": 1200
  }
},
  "availableWidgets": [
    "Settings",
    "View",
    "Recording",
    "Image",
    "Laser",
    "Positioner",
    "Holo"
  ]
}
