{
  "positioners": {
    "LightsheetStage": {
        "managerName": "ESP32StageManager",
        "managerProperties": {
            "rs232device": "ESP32"
        },
        "axes": ["X", "Y", "Z"],
        "axes_map": ["Y", "X", "Z"],
        "forScanning": true,
        "forPositioning": true
    }
},
"rs232devices": {
    "ESP32": {
      "managerName": "ESP32Manager",
      "managerProperties": {
        "host": "192.168.137.113"
      }
    }
  },
"lasers": {
  "488 Laser": {
    "analogChannel": null,
    "digitalLine": null,
    "managerName": "ESP32LEDLaserManager",
    "managerProperties": {
        "rs232device": "ESP32",
        "channel_index": "B",
        "filter_change": true
    },
    "wavelength": 488,
    "valueRangeMin": 0,
    "valueRangeMax": 32768
},
"635 Laser": {
  "analogChannel": null,
  "digitalLine": null,
  "managerName": "ESP32LEDLaserManager",
  "managerProperties": {
      "rs232device": "ESP32",
      "channel_index": "R",
      "filter_change": true
  },
  "wavelength": 635,
  "valueRangeMin": 0,
  "valueRangeMax": 32768
},
"LED": {
  "analogChannel": null,
  "digitalLine": null,
  "managerName": "ESP32LEDLaserManager",
  "managerProperties": {
      "rs232device": "ESP32",
      "channel_index": "W",
      "filter_change": false
  },
  "wavelength": 635,
  "valueRangeMin": 0,
  "valueRangeMax": 32768
}
},
"detectors": {
  "WidefieldCamera": {
    "analogChannel": null,
    "digitalLine": null,
    "managerName": "BaslerManager",
    "managerProperties": {
      "cameraListIndex": 1,
      "cameraEffPixelsize": 0.08,
      "basler": {
        "exposure": 0,
        "gain": 0,
        "blacklevel": 100,
        "image_width": 1000,
        "image_height": 1000
      }
    },
    "forAcquisition": true
  }
},
"rois": {
  "Full chip": {
    "x": 600,
    "y": 600,
    "w": 1200,
    "h": 1200
  }
},
  "availableWidgets": [
    "Settings",
    "View",
    "Recording",
    "Image",
    "Laser",
    "Positioner"
  ]
}
