{
  "positioners": {
    "ESP32Stage": {
      "managerName": "ESP32StageManager",
      "managerProperties": {
        "rs232device": "ESP32",
        "isEnable": true,
        "enableauto": false,
        "stepsizeXDocu": "200*16 per revolution at 1.27 pitch",
        "stepsizeX": 0.396,
        "stepsizeY": 0.396,
        "stepsizeA": 0.396,
        "stepsizeZ": 0.3125,        
        "homeSpeedX": 10000,
        "homeSpeedY": 10000,
        "homeSpeedZ": 10000,
        "homeSpeedA": 10000,
        "isDualaxis": false,
        "backlashXOld": 15,
        "backlashYOld": 40,
        "backlashX": 0,
        "backlashY": 0,
        "homeEndstoppolarityX": 1,
        "homeEndstoppolarityY": -1,
        "homeEndstoppolarityZ": -1,
        "homeEndstoppolarityA": 1,
        "homeDirectionX": -1,
        "homeDirectionY": -1,
        "homeDirectionZ": 1,
        "homeDirectionA": -1,
        "homeXenabled": 1,
        "homeYenabled": 1,
        "homeZenabled": 1,
        "homeAenabled": 1,
        "homeOnStartX":1,
        "homeOnStartY":1,
        "homeOnStartZ":1,
        "homeOnStartA":1,
        "initialSpeed": {
          "X": 15000,
          "Y": 15000,
          "Z": 15000,
          "A": 15000
        }
      },
      "axes": [
        "X",
        "Y",
        "Z", 
        "A"
      ],
      "forScanning": true,
      "forPositioning": true
    }
  },
  "rs232devices": {
    "ESP32": {
      "managerName": "ESP32Manager",
      "managerProperties": {
        "host_": "192.168.43.129",
        "serialport": "COM3",
        "baudrate":115200,
        "debug": true
      }
    }
  },
  "lasers": {
    "LEDRing": {
      "analogChannel": null,
      "digitalLine": null,
      "managerName": "ESP32LEDLaserManager",
      "managerProperties": {
        "rs232device": "ESP32",
        "channel_index": 2
      },
      "wavelength": 635,
      "valueRangeMin": 0,
      "valueRangeMax": 1023
    },
    "LED": {
      "analogChannel": null,
      "digitalLine": null,
      "managerName": "ESP32LEDLaserManager",
      "managerProperties": {
        "rs232device": "ESP32",
        "channel_index": 1
      },
      "wavelength": 1024,
      "valueRangeMin": 0,
      "valueRangeMax": 1023
    }
  },
  "detectors": {
    "WidefieldCamera": {
      "analogChannel": null,
      "digitalLine": null,
      "managerName": "HikCamManager",
      "managerProperties": {
        "isRGB": 0,
        "cameraListIndex": 0,
        "cameraEffPixelsize": 0.2257,
        "mocktype": "OffAxisHolo",
        "hikcam": {
          "exposure": 0,
          "gain": 0,
          "blacklevel": 100,
          "image_width": 1000,
          "image_height": 1000
        }
      },
      "forAcquisition": true,
      "forFocusLock": true
    },
    "Observer": {
      "analogChannel": null,
      "digitalLine": null,
      "managerName": "HikCamManager",
      "managerProperties": {
        "isRGB": 0,
        "cameraListIndex": 0,
        "cameraEffPixelsize": 0.2257,
        "mocktype": "OffAxisHolo",
        "hikcam": {
          "exposure": 0,
          "gain": 0,
          "blacklevel": 100,
          "image_width": 1000,
          "image_height": 1000
        }
      },
      "forAcquisition": true,
      "forFocusLock": true
    }
  },
  "HistoScan": {
    "PreviewCamera1": "Observer"
  },
  "autofocus": {
    "camera": "WidefieldCamera",
    "positioner": "ESP32Stage",
    "updateFreq": 10,
    "frameCropx": 780,
    "frameCropy": 400,
    "frameCropw": 500,
    "frameCroph": 100
  },
  "mct": {
    "monitorIdx": 2,
    "width": 1080,
    "height": 1920,
    "wavelength": 0,
    "pixelSize": 0,
    "angleMount": 0,
    "patternsDirWin": "C:\\Users\\wanghaoran\\Documents\\ImSwitchConfig\\imcontrol_slm\\488\\",
    "patternsDir": "/users/bene/ImSwitchConfig/imcontrol_sim/488"
  },
  "objective": {
    "pixelsizes": [0.2, 0.1], 
    "NAs": [0.5, 0.8],
    "magnifications": [10, 20],
    "objectiveNames": ["10x", "20x"],
    "objectivePositions": [0, 1], 
    "homeDirection": -1,
    "homePolarity": 1,
    "homeSpeed": 20000,
    "homeAcceleration": 20000,
    "calibrateOnStart": true
  },
  "PixelCalibration": {},
  "focusLock": {
    "camera": "WidefieldCamera",
    "positioner": "ESP32StageManager",
    "updateFreq": 4,
    "frameCropx": 0,
    "frameCropy": 0,
    "frameCropw": 0,
    "frameCroph": 0
  },
  "LEDMatrixs": {
    "ESP32 LEDMatrix": {
      "analogChannel": null,
      "digitalLine": null,
      "managerName": "ESP32LEDMatrixManager",
      "managerProperties": {
        "rs232device": "ESP32",
        "Nx": 4,
        "Ny": 4,
        "wavelength": 488,
        "valueRangeMin": 0,
        "valueRangeMax": 32768
      }
    }
  },
  "availableWidgets": [
    "Settings",
    "View",
    "Recording",
    "Image",
    "Laser",
    "Positioner",
    "Autofocus",
    "MCT",
    "UC2Config",
    "PixelCalibration",
    "HistoScan",
    "Joystick",
    "Flatfield",
    "Histogramm",
    "ROIScan", 
    "Objective", 
    "Experiment"
  ],
  "nonAvailableWidgets": [
    "STORMRecon",
    "imswitch_arkitekt_next",
    "DPC",
    "Holo",
    "FFT",
    "Hypha",
    "FocusLock",
    "HistoScan",
    "FocusLock",
    "FOVLock"
  ]
}
