{
    "detectors": {
        "WidefieldCamera": {
            "analogChannel": null,
            "digitalLine": null,
            "managerName": "AVManager",
            "managerProperties": {
                "cameraListIndex": 1,
                "avcam": {
                    "exposure": 0,
                    "gain": 0,
                    "blacklevel": 100,
                    "image_width": 1000,
                    "image_height": 1000,
                    "pixel_format": "Mono12"
                }
            },
            "forAcquisition": true,
            "forFocusLock": false
        }
    },
    "lasers": {
        "Laser Blue": {
              "analogChannel": null,
              "digitalLine": null,
              "managerName": "ESP32LEDLaserManager",
              "managerProperties": {
                  "rs232device": "ESP32",
                  "channel_index": 2,
                  "filter_change": false, 
                  "filter_axis": 1,
                  "filter_position": 0,
                  "filter_position_init": 0,
                  "laser_despeckle_period": 0,
                  "laser_despeckle_amplitude": 0
              },
              "wavelength": 488,
              "valueRangeMin": 0,
              "valueRangeMax": 32768
          }          
    },
    "positioners": {
        "LightsheetStage": {
            "analogChannel": null,
            "digitalLine": null,
            "managerName": "ESP32StageManager",
            "managerProperties": {
                "rs232device": "ESP32"
            },
            "axes": [
                "X",
                "Y",
                "Z"
            ],
            "isPositiveDirection": true,
            "forPositioning": true,
            "forScanning": true
        }
    },
    "rs232devices": {
        "ESP32": {
            "managerName": "ESP32Manager",
            "managerProperties": {
                "host_": "192.168.137.95",
                "serialport": "COM3"
            }
        }
    },
    "mct": {
        "monitorIdx": 2,
        "width": 1080,
        "height": 1920,
        "wavelength": 0,
        "pixelSize": 0,
        "angleMount": 0,
        "patternsDirWin": "C:\\Users\\wanghaoran\\Documents\\ImSwitchConfig\\imcontrol_slm\\488\\",
        "patternsDir": "/users/bene/ImSwitchConfig/imcontrol_sim/488"
      },
      "LEDMatrixs": {
        "ESP32 LEDMatrix": {
          "analogChannel": null,
          "digitalLine": null,
          "managerName": "ESP32LEDMatrixManager",
          "managerProperties": {
              "rs232device": "ESP32",
              "Nx": 8,
              "Ny": 8
          },
          "wavelength": 488,
          "valueRangeMin": 0,
          "valueRangeMax": 32768
      }},    
    "laserPresets": {},
    "defaultLaserPresetForScan": null,
    "availableWidgets": [
        "LEDMatrix",
        "Settings",
        "View",
        "Recording",
        "Image",
        "Laser",
        "Positioner",
        "MCT"
    ]
}