{
  "positioners": {
    "ESP32Stage": {
      "managerName": "ESP32StageManager",
      "managerProperties": {
        "rs232device": "ESP32",
        "stepsizeX": 0.3125,
        "stepsizeY": 0.3125,
        "stepsizeZ": 0.3125,
        "homeSpeedX", 15000,
        "homeSpeedY", 15000,
        "homeSpeedZ", 15000,
        "homeDirectionX": -1,
        "homeDirectionY": -1,
        "homeDirectionZ": -1,
      },
      "axes": [
        "X",
        "Y",
        "Z"
      ],
      "forScanning": true,
      "forPositioning": true
    }
  },
  "rs232devices": {
    "ESP32": {
      "managerName": "ESP32Manager",
      "managerProperties": {
        "host_": "192.168.43.129",
        "serialport_windows": "COM3",
        "serialport": "/dev/cu./dev/cu.SLAB_USBtoUART"
      }
    }
  },
  "lasers": {
    "LED": {
      "analogChannel": null,
      "digitalLine": null,
      "managerName": "ESP32LEDLaserManager",
      "managerProperties": {
        "rs232device": "ESP32",
        "channel_index": "LED",
        "filter_change": true,
        "filter_axis": 3,
        "filter_position": 32000,
        "filter_position_init": -0
      },
      "wavelength": 635,
      "valueRangeMin": 0,
      "valueRangeMax": 255
    }
  },
  "detectors": {
    "WidefieldCamera": {
      "analogChannel": null,
      "digitalLine": null,
      "managerName": "BaslerManager",
      "managerProperties": {
        "cameraListIndex": 1,
        "cameraEffPixelsize": 0.08,
        "basler": {
          "isRGB": true,
          "exposure": 0,
          "gain": 0,
          "blacklevel": 100,
          "image_width": 1000,
          "image_height": 1000
        }
      },
      "forAcquisition": true,
      "forFocusLock": true
    }
  },
  "rois": {
    "Full chip": {
      "x": 600,
      "y": 600,
      "w": 1200,
      "h": 1200
    }
  },
  "LEDMatrixs": {
    "ESP32 LEDMatrix": {
      "analogChannel": null,
      "digitalLine": null,
      "managerName": "ESP32LEDMatrixManager",
      "managerProperties": {
        "rs232device": "ESP32",
        "Nx": 4,
        "Ny": 4
      },
      "wavelength": 488,
      "valueRangeMin": 0,
      "valueRangeMax": 32768
    }
  },
  "autofocus": {
    "camera": "WidefieldCamera",
    "positioner": "ESP32Stage",
    "updateFreq": 10,
    "frameCropx": 780,
    "frameCropy": 400,
    "frameCropw": 500,
    "frameCroph": 100
  },
  "scan": {
    "scanDesigner": "BetaScanDesigner",
    "scanDesignerParams": {
      "return_time": 0.01
    },
    "TTLCycleDesigner": "BetaTTLCycleDesigner",
    "TTLCycleDesignerParams": {},
    "sampleRate": 100000
  },
  "mct": {
  },
  "availableWidgets": [
    "Settings",
    "View",
    "Recording",
    "Image",
    "Laser",
    "Positioner",
    "Autofocus",
    "LEDMatrix",
    "MCT",
    "UC2Config",
    "PixelCalibration"
  ]
}
