timestamp;datetime;focus_value;focus_metric;is_locked;lock_position;current_position;pi_output;crop_size;crop_center;error;integral_term;derivative_term;step_size_um;travel_used_um
1788348553.840849;2026-09-02 13:29:13.840;211.58870092070856;peak;False;;0.0;;640;[320, 100];;;;;0.0
1788348553.9321501;2026-09-02 13:29:13.932;211.49943192918653;peak;False;;0.0;;640;[320, 100];;;;;0.0
1788348554.004493;2026-09-02 13:29:14.004;211.41639328087615;peak;False;;0.0;;640;[320, 100];;;;;0.0
1788348554.0772638;2026-09-02 13:29:14.077;211.29026211450346;peak;False;;0.0;;640;[320, 100];;;;;0.0
1788348554.155683;2026-09-02 13:29:14.155;211.7511754148709;peak;False;;0.0;;640;[320, 100];;;;;0.0
1788348554.2312498;2026-09-02 13:29:14.231;211.43682947750526;peak;False;;0.0;;640;[320, 100];;;;;0.0
1788348554.300143;2026-09-02 13:29:14.300;211.5270621507386;peak;False;;0.0;;640;[320, 100];;;;;0.0
1788348554.376874;2026-09-02 13:29:14.376;211.58549083435634;peak;False;;0.0;;640;[320, 100];;;;;0.0
1788348554.46843;2026-09-02 13:29:14.468;211.33762011623224;peak;False;;0.0;;640;[320, 100];;;;;0.0
1788348554.549053;2026-09-02 13:29:14.549;211.37901309344647;peak;False;;0.0;;640;[320, 100];;;;;0.0
1788348554.631328;2026-09-02 13:29:14.631;211.619514999692;peak;False;;0.0;;640;[320, 100];;;;;0.0
1788348554.710151;2026-09-02 13:29:14.710;211.44015580488693;peak;False;;0.0;;640;[320, 100];;;;;0.0
1788348554.801447;2026-09-02 13:29:14.801;211.34794700905297;peak;False;;0.0;;640;[320, 100];;;;;0.0
1788348554.880316;2026-09-02 13:29:14.880;211.64816263496152;peak;False;;0.0;;640;[320, 100];;;;;0.0
1788348555.313218;2026-09-02 13:29:15.313;211.23681804479398;peak;False;;0.0;;640;[320, 100];;;;;0.0
1788348555.392681;2026-09-02 13:29:15.392;211.56418377038764;peak;False;;0.0;;640;[320, 100];;;;;0.0
1788348555.46563;2026-09-02 13:29:15.465;211.7262093796452;peak;False;;0.0;;640;[320, 100];;;;;0.0
1788348555.55152;2026-09-02 13:29:15.551;211.6610309237055;peak;False;;0.0;;640;[320, 100];;;;;0.0
1788348555.621106;2026-09-02 13:29:15.621;211.57682344155802;peak;False;;0.0;;640;[320, 100];;;;;0.0
1788348555.6988668;2026-09-02 13:29:15.698;211.63555777127485;peak;False;;0.0;;640;[320, 100];;;;;0.0
1788348555.7741241;2026-09-02 13:29:15.774;211.37405243233903;peak;False;;0.0;;640;[320, 100];;;;;0.0
1788348555.844512;2026-09-02 13:29:15.844;211.7628331711373;peak;False;;0.0;;640;[320, 100];;;;;0.0
1788348555.92294;2026-09-02 13:29:15.922;211.4818962368168;peak;False;;0.0;;640;[320, 100];;;;;0.0
1788348556.0034728;2026-09-02 13:29:16.003;211.25482556993626;peak;False;;0.0;;640;[320, 100];;;;;0.0
1788348556.07829;2026-09-02 13:29:16.078;211.48568733223544;peak;False;;0.0;;640;[320, 100];;;;;0.0
1788348556.1698828;2026-09-02 13:29:16.169;211.48770878581033;peak;False;;0.0;;640;[320, 100];;;;;0.0
1788348556.2644951;2026-09-02 13:29:16.264;211.57830685806644;peak;False;;0.0;;640;[320, 100];;;;;0.0
1788348556.347911;2026-09-02 13:29:16.347;211.4863866301213;peak;False;;0.0;;640;[320, 100];;;;;0.0
1788348556.4370859;2026-09-02 13:29:16.437;211.7298883321487;peak;False;;0.0;;640;[320, 100];;;;;0.0
1788348556.534561;2026-09-02 13:29:16.534;211.51608422559352;peak;False;;0.0;;640;[320, 100];;;;;0.0
1788348556.616556;2026-09-02 13:29:16.616;211.64351041208275;peak;False;;0.0;;640;[320, 100];;;;;0.0
1788348556.6938188;2026-09-02 13:29:16.693;211.74524713671937;peak;False;;0.0;;640;[320, 100];;;;;0.0
1788348556.767338;2026-09-02 13:29:16.767;211.672197351585;peak;False;;0.0;;640;[320, 100];;;;;0.0
1788348556.854955;2026-09-02 13:29:16.854;211.4496233805363;peak;False;;0.0;;640;[320, 100];;;;;0.0
1788348556.937872;2026-09-02 13:29:16.937;211.8244877876546;peak;False;;0.0;;640;[320, 100];;;;;0.0
1788348557.0162292;2026-09-02 13:29:17.016;211.67583308268297;peak;False;;0.0;;640;[320, 100];;;;;0.0
1788348557.0977962;2026-09-02 13:29:17.097;211.3471641355229;peak;False;;0.0;;640;[320, 100];;;;;0.0
1788348557.208715;2026-09-02 13:29:17.208;211.51926708208572;peak;False;;0.0;;640;[320, 100];;;;;0.0
1788348557.291987;2026-09-02 13:29:17.291;211.79018798417474;peak;False;;0.0;;640;[320, 100];;;;;0.0
1788348557.5167081;2026-09-02 13:29:17.516;211.6429402132139;peak;False;;0.0;;640;[320, 100];;;;;0.0
1788348557.592202;2026-09-02 13:29:17.592;193.90617808028264;peak;False;;-6.0;;640;[320, 100];;;;;0.0
1788348557.669557;2026-09-02 13:29:17.669;193.84278118957212;peak;False;;-6.0;;640;[320, 100];;;;;0.0
1788348557.737879;2026-09-02 13:29:17.737;193.68654058521102;peak;False;;-6.0;;640;[320, 100];;;;;0.0
1788348557.806462;2026-09-02 13:29:17.806;193.8606884586449;peak;False;;-6.0;;640;[320, 100];;;;;0.0
1788348557.880821;2026-09-02 13:29:17.880;193.87589969216685;peak;False;;-6.0;;640;[320, 100];;;;;0.0
1788348557.964014;2026-09-02 13:29:17.964;194.1199583955073;peak;False;;-6.0;;640;[320, 100];;;;;0.0
1788348558.053097;2026-09-02 13:29:18.053;193.91301475321586;peak;False;;-6.0;;640;[320, 100];;;;;0.0
1788348558.143094;2026-09-02 13:29:18.143;202.83292328763648;peak;False;;-3.0;;640;[320, 100];;;;;0.0
1788348558.216152;2026-09-02 13:29:18.216;202.66832117811543;peak;False;;-3.0;;640;[320, 100];;;;;0.0
1788348558.2909539;2026-09-02 13:29:18.290;202.80977420456142;peak;False;;-3.0;;640;[320, 100];;;;;0.0
1788348558.373012;2026-09-02 13:29:18.373;202.63083265413053;peak;False;;-3.0;;640;[320, 100];;;;;0.0
1788348558.457637;2026-09-02 13:29:18.457;202.45437458428933;peak;False;;-3.0;;640;[320, 100];;;;;0.0
1788348558.5355;2026-09-02 13:29:18.535;202.6475973399792;peak;False;;-3.0;;640;[320, 100];;;;;0.0
1788348558.620838;2026-09-02 13:29:18.620;202.53363664281136;peak;False;;-3.0;;640;[320, 100];;;;;0.0
1788348558.693992;2026-09-02 13:29:18.693;211.83796440230063;peak;False;;0.0;;640;[320, 100];;;;;0.0
1788348558.762787;2026-09-02 13:29:18.762;211.73436163874405;peak;False;;0.0;;640;[320, 100];;;;;0.0
1788348558.842935;2026-09-02 13:29:18.842;211.55768422957368;peak;False;;0.0;;640;[320, 100];;;;;0.0
1788348558.934784;2026-09-02 13:29:18.934;211.74332941201766;peak;False;;0.0;;640;[320, 100];;;;;0.0
1788348559.082043;2026-09-02 13:29:19.082;211.5448297264344;peak;False;;0.0;;640;[320, 100];;;;;0.0
1788348559.16858;2026-09-02 13:29:19.168;211.94689333782188;peak;False;;0.0;;640;[320, 100];;;;;0.0
1788348559.330018;2026-09-02 13:29:19.330;220.8424798587852;peak;False;;3.0;;640;[320, 100];;;;;0.0
1788348559.489485;2026-09-02 13:29:19.489;220.6100157531952;peak;False;;3.0;;640;[320, 100];;;;;0.0
1788348559.935949;2026-09-02 13:29:19.935;220.53739976717787;peak;False;;3.0;;640;[320, 100];;;;;0.0
1788348560.083317;2026-09-02 13:29:20.083;229.4997146374673;peak;False;;6.0;;640;[320, 100];;;;;0.0
1788348560.530418;2026-09-02 13:29:20.530;229.69318922385702;peak;False;;6.0;;640;[320, 100];;;;;0.0
1788348560.827889;2026-09-02 13:29:20.827;211.65240029661155;peak;False;;0.0;;640;[320, 100];;;;;0.0
1788348560.9608982;2026-09-02 13:29:20.960;211.8500364535455;peak;False;;0.0;;640;[320, 100];;;;;0.0
1788348561.0505621;2026-09-02 13:29:21.050;211.62476001013772;peak;False;;0.0;;640;[320, 100];;;;;0.0
1788348561.166811;2026-09-02 13:29:21.166;211.85767563621056;peak;False;;0.0;;640;[320, 100];;;;;0.0
1788348561.240226;2026-09-02 13:29:21.240;211.72585150648342;peak;False;;0.0;;640;[320, 100];;;;;0.0
1788348561.32691;2026-09-02 13:29:21.326;211.9458498656086;peak;False;;0.0;;640;[320, 100];;;;;0.0
1788348561.401303;2026-09-02 13:29:21.401;196.93548711830283;peak;False;;-5.0;;640;[320, 100];;;;;0.0
1788348561.489983;2026-09-02 13:29:21.489;197.1474225683753;peak;False;;-5.0;;640;[320, 100];;;;;0.0
1788348561.569777;2026-09-02 13:29:21.569;197.28519938593433;peak;False;;-5.0;;640;[320, 100];;;;;0.0
1788348561.652202;2026-09-02 13:29:21.652;197.20622697723874;peak;False;;-5.0;;640;[320, 100];;;;;0.0
1788348561.821295;2026-09-02 13:29:21.821;199.7645623757605;peak;False;;-4.0;;640;[320, 100];;;;;0.0
1788348561.909612;2026-09-02 13:29:21.909;200.00215306250138;peak;False;;-4.0;;640;[320, 100];;;;;0.0
1788348562.486824;2026-09-02 13:29:22.486;202.95188835710562;peak;False;;-3.0;;640;[320, 100];;;;;0.0
1788348562.5640588;2026-09-02 13:29:22.564;202.75224804390984;peak;False;;-3.0;;640;[320, 100];;;;;0.0
1788348562.659127;2026-09-02 13:29:22.659;203.04749829899762;peak;False;;-3.0;;640;[320, 100];;;;;0.0
1788348562.7789178;2026-09-02 13:29:22.778;202.97768140686358;peak;False;;-3.0;;640;[320, 100];;;;;0.0
1788348562.9089332;2026-09-02 13:29:22.908;205.94548661673656;peak;False;;-2.0;;640;[320, 100];;;;;0.0
1788348562.9852118;2026-09-02 13:29:22.985;206.0730213926421;peak;False;;-2.0;;640;[320, 100];;;;;0.0
1788348563.0710862;2026-09-02 13:29:23.071;205.8316872346857;peak;False;;-2.0;;640;[320, 100];;;;;0.0
1788348563.142355;2026-09-02 13:29:23.142;206.22820957806593;peak;False;;-2.0;;640;[320, 100];;;;;0.0
1788348563.237962;2026-09-02 13:29:23.237;206.1750286304678;peak;False;;-2.0;;640;[320, 100];;;;;0.0
1788348563.315684;2026-09-02 13:29:23.315;209.11312525791544;peak;False;;-1.0;;640;[320, 100];;;;;0.0
1788348563.3979049;2026-09-02 13:29:23.397;208.93510437926585;peak;False;;-1.0;;640;[320, 100];;;;;0.0
1788348563.4752882;2026-09-02 13:29:23.475;209.1281948805177;peak;False;;-1.0;;640;[320, 100];;;;;0.0
1788348563.556895;2026-09-02 13:29:23.556;208.86558756552512;peak;False;;-1.0;;640;[320, 100];;;;;0.0
1788348563.632027;2026-09-02 13:29:23.632;211.88619382549265;peak;False;;0.0;;640;[320, 100];;;;;0.0
1788348563.713495;2026-09-02 13:29:23.713;212.19844325677323;peak;False;;0.0;;640;[320, 100];;;;;0.0
1788348563.7847402;2026-09-02 13:29:23.784;212.05069392490253;peak;False;;0.0;;640;[320, 100];;;;;0.0
1788348563.854513;2026-09-02 13:29:23.854;211.7740778812432;peak;False;;0.0;;640;[320, 100];;;;;0.0
1788348563.9371278;2026-09-02 13:29:23.937;212.02553499527764;peak;False;;0.0;;640;[320, 100];;;;;0.0
1788348564.009042;2026-09-02 13:29:24.009;215.18530166264267;peak;False;;1.0;;640;[320, 100];;;;;0.0
1788348564.0895429;2026-09-02 13:29:24.089;215.02262641549336;peak;False;;1.0;;640;[320, 100];;;;;0.0
1788348564.176509;2026-09-02 13:29:24.176;215.02277297211938;peak;False;;1.0;;640;[320, 100];;;;;0.0
1788348564.258039;2026-09-02 13:29:24.258;215.17092190851122;peak;False;;1.0;;640;[320, 100];;;;;0.0
1788348564.690012;2026-09-02 13:29:24.690;218.26853984028872;peak;False;;2.0;;640;[320, 100];;;;;0.0
1788348564.771659;2026-09-02 13:29:24.771;218.04549326420073;peak;False;;2.0;;640;[320, 100];;;;;0.0
1788348564.8577049;2026-09-02 13:29:24.857;217.92493597221227;peak;False;;2.0;;640;[320, 100];;;;;0.0
1788348564.9567292;2026-09-02 13:29:24.956;217.97052334530528;peak;False;;2.0;;640;[320, 100];;;;;0.0
1788348565.038303;2026-09-02 13:29:25.038;221.11311757535196;peak;False;;3.0;;640;[320, 100];;;;;0.0
1788348565.122005;2026-09-02 13:29:25.122;220.91544819620654;peak;False;;3.0;;640;[320, 100];;;;;0.0
1788348565.203041;2026-09-02 13:29:25.203;220.83411555711513;peak;False;;3.0;;640;[320, 100];;;;;0.0
1788348565.273661;2026-09-02 13:29:25.273;221.12919085707858;peak;False;;3.0;;640;[320, 100];;;;;0.0
1788348565.3473659;2026-09-02 13:29:25.347;223.96198682383204;peak;False;;4.0;;640;[320, 100];;;;;0.0
1788348565.419756;2026-09-02 13:29:25.419;224.2344358301571;peak;False;;4.0;;640;[320, 100];;;;;0.0
1788348565.49334;2026-09-02 13:29:25.493;223.75673667058047;peak;False;;4.0;;640;[320, 100];;;;;0.0
1788348565.569451;2026-09-02 13:29:25.569;223.82642364051634;peak;False;;4.0;;640;[320, 100];;;;;0.0
1788348565.640772;2026-09-02 13:29:25.640;223.68800092417024;peak;False;;4.0;;640;[320, 100];;;;;0.0
1788348565.7312262;2026-09-02 13:29:25.731;226.57043825402414;peak;False;;5.0;;640;[320, 100];;;;;0.0
1788348565.810543;2026-09-02 13:29:25.810;227.0215342181004;peak;False;;5.0;;640;[320, 100];;;;;0.0
1788348565.889598;2026-09-02 13:29:25.889;226.93310282201733;peak;False;;5.0;;640;[320, 100];;;;;0.0
1788348565.958673;2026-09-02 13:29:25.958;227.1030458779174;peak;False;;5.0;;640;[320, 100];;;;;0.0
1788348566.047679;2026-09-02 13:29:26.047;226.95826405996544;peak;False;;5.0;;640;[320, 100];;;;;0.0
1788348566.118887;2026-09-02 13:29:26.118;212.15812201366037;peak;False;;0.0;;640;[320, 100];;;;;0.0
1788348566.193238;2026-09-02 13:29:26.193;212.21696263411025;peak;False;;0.0;;640;[320, 100];;;;;0.0
1788348566.2717068;2026-09-02 13:29:26.271;212.17241179082555;peak;False;;0.0;;640;[320, 100];;;;;0.0
1788348566.3451898;2026-09-02 13:29:26.345;212.08097615672668;peak;False;;0.0;;640;[320, 100];;;;;0.0
1788348566.418231;2026-09-02 13:29:26.418;212.16065394647921;peak;False;;0.0;;640;[320, 100];;;;;0.0
1788348566.4928799;2026-09-02 13:29:26.492;212.24674105084674;peak;False;;0.0;;640;[320, 100];;;;;0.0
1788348566.564692;2026-09-02 13:29:26.564;212.10393270513316;peak;False;;0.0;;640;[320, 100];;;;;0.0
1788348566.636035;2026-09-02 13:29:26.636;212.35367260842742;peak;False;;0.0;;640;[320, 100];;;;;0.0
1788348566.946901;2026-09-02 13:29:26.946;212.18226337259333;peak;False;;0.0;;640;[320, 100];;;;;0.0
1788348567.0153759;2026-09-02 13:29:27.015;212.3554761784128;peak;False;;0.0;;640;[320, 100];;;;;0.0
1788348567.084287;2026-09-02 13:29:27.084;212.18355309772747;peak;False;;0.0;;640;[320, 100];;;;;0.0
1788348567.168888;2026-09-02 13:29:27.168;212.2904393199798;peak;False;;0.0;;640;[320, 100];;;;;0.0
1788348567.2462862;2026-09-02 13:29:27.246;212.34280356081464;peak;True;;0.0;-0.010603758769053827;640;[320, 100];;;;0.0;0.0
1788348567.325799;2026-09-02 13:29:27.325;212.2168636453308;peak;True;;0.0;0.0020167470715993833;640;[320, 100];;;;0.0;0.0
1788348567.4070442;2026-09-02 13:29:27.407;212.25819309409218;peak;True;;0.0;0.0042343628981438295;640;[320, 100];;;;0.0;0.0
1788348567.4724748;2026-09-02 13:29:27.472;212.10098062612545;peak;True;;0.0;0.021301240975412698;640;[320, 100];;;;0.0;0.0
1788348567.5528462;2026-09-02 13:29:27.552;212.3172245043522;peak;True;;0.0;0.008176810710906821;640;[320, 100];;;;0.0;0.0
1788348567.6272562;2026-09-02 13:29:27.627;212.33917088384527;peak;True;;0.0;-0.0006409568254881037;640;[320, 100];;;;0.0;0.0
1788348567.7017002;2026-09-02 13:29:27.701;212.38835378618694;peak;True;;0.0;-0.010090523910611467;640;[320, 100];;;;0.0;0.0
1788348567.769875;2026-09-02 13:29:27.769;212.20306164938964;peak;True;;0.0;0.003823128314794673;640;[320, 100];;;;0.0;0.0
1788348567.848751;2026-09-02 13:29:27.848;212.28014940149401;peak;True;;0.0;0.003084041615167408;640;[320, 100];;;;0.0;0.0
1788348567.928879;2026-09-02 13:29:27.928;212.30871114851277;peak;True;;0.0;-0.000164516222188027;640;[320, 100];;;;0.0;0.0
1788348568.005808;2026-09-02 13:29:28.005;212.34234599166885;peak;True;;0.0;-0.005217162796084978;640;[320, 100];;;;0.0;0.0
1788348568.086185;2026-09-02 13:29:28.086;212.59996059330717;peak;True;;0.0;-0.033891847838524995;640;[320, 100];;;;0.0;0.0
1788348568.157077;2026-09-02 13:29:28.157;212.4765219815968;peak;True;;0.0;-0.03611793251572784;640;[320, 100];;;;0.0;0.0
1788348568.226618;2026-09-02 13:29:28.226;212.03178076592386;peak;True;;0.0;0.007566469905531221;640;[320, 100];;;;0.0;0.0
1788348568.294116;2026-09-02 13:29:28.294;212.09735514542547;peak;True;;0.0;0.02309258838419531;640;[320, 100];;;;0.0;0.0
1788348568.370031;2026-09-02 13:29:28.370;212.23762438357195;peak;True;;0.0;0.016894742479391312;640;[320, 100];;;;0.0;0.0
1788348568.448961;2026-09-02 13:29:28.448;212.38457495518037;peak;True;;0.0;-0.0010169071778556571;640;[320, 100];;;;0.0;0.0
1788348568.528662;2026-09-02 13:29:28.528;212.37900280563312;peak;True;;0.0;-0.00952622140882383;640;[320, 100];;;;0.0;0.0
1788348568.6002402;2026-09-02 13:29:28.600;212.40365460695295;peak;True;;0.0;-0.016387577765004907;640;[320, 100];;;;0.0;0.0
1788348568.675319;2026-09-02 13:29:28.675;212.27754966369466;peak;True;;0.0;-0.007191649546912089;640;[320, 100];;;;0.0;0.0
1788348568.7492108;2026-09-02 13:29:28.749;212.31521004601092;peak;True;;0.0;-0.0063906870770278346;640;[320, 100];;;;0.0;0.0
1788348568.87628;2026-09-02 13:29:28.876;212.4100624958447;peak;True;;0.0;-0.015624979795291979;640;[320, 100];;;;0.0;0.0
1788348569.191021;2026-09-02 13:29:29.191;212.28536936574912;peak;True;;0.0;-0.00776647570208347;640;[320, 100];;;;0.0;0.0
1788348569.281474;2026-09-02 13:29:29.281;217.02429577824464;peak;True;;1.3384101313189218;-0.4836471854778562;640;[320, 100];;;;-0.16158986868107825;0.16158986868107825
1788348569.396157;2026-09-02 13:29:29.396;216.2962450804947;peak;True;;1.1199744628585153;-0.6537897277913969;640;[320, 100];;;;-0.2184356684604065;0.38002553714148474
1788348569.537336;2026-09-02 13:29:29.537;215.77089758570708;peak;True;;0.8892145610790728;-0.6906768223015625;640;[320, 100];;;;-0.2307599017794425;0.6107854389209273
1788348569.647264;2026-09-02 13:29:29.647;215.3286340607258;peak;True;;0.665800020460913;-0.6686917604844491;640;[320, 100];;;;-0.2234145406181598;0.8341999795390871
1788348569.774864;2026-09-02 13:29:29.774;214.28224131713444;peak;True;;0.48018702195562635;-0.5555497077132002;640;[320, 100];;;;-0.18561299850528667;1.0198129780443739
1788348569.882367;2026-09-02 13:29:29.882;213.76170248152687;peak;True;;0.33025190791966247;-0.4487638767187558;640;[320, 100];;;;-0.14993511403596388;1.1697480920803378
1788348569.9873521;2026-09-02 13:29:29.987;213.5726620371948;peak;True;;0.20393620872490112;-0.3780696951848415;640;[320, 100];;;;-0.12631569919476135;1.2960637912750992
1788348570.115364;2026-09-02 13:29:30.115;212.91766522230836;peak;True;;0.1110521627728433;-0.27800695530714914;640;[320, 100];;;;-0.09288404595205782;1.388947837227157
1788348570.263627;2026-09-02 13:29:30.263;212.80646123169237;peak;True;;0.038383837546109634;-0.21750021369634737;640;[320, 100];;;;-0.07266832522673367;1.4616161624538908
1788348570.377725;2026-09-02 13:29:30.377;212.56518722733884;peak;True;;-0.016230239981231152;-0.16346287733978962;640;[320, 100];;;;-0.054614077527340786;1.5162302399812315
1788348570.498257;2026-09-02 13:29:30.498;212.51402518320802;peak;True;;-0.016230239981231152;-0.13160748707746978;640;[320, 100];;;;0.0;1.5162302399812315
1788348570.569752;2026-09-02 13:29:30.569;212.48080771236795;peak;True;;-0.016230239981231152;-0.11259600535278502;640;[320, 100];;;;0.0;1.5162302399812315
1788348570.648777;2026-09-02 13:29:30.648;212.24117174091197;peak;True;;-0.016230239981231152;-0.07906508287100962;640;[320, 100];;;;0.0;1.5162302399812315
1788348570.7215948;2026-09-02 13:29:30.721;212.17875041957475;peak;True;;-0.016230239981231152;-0.055917878370897324;640;[320, 100];;;;0.0;1.5162302399812315
1788348570.800498;2026-09-02 13:29:30.800;212.41729164721707;peak;True;;-0.016230239981231152;-0.06835696429411357;640;[320, 100];;;;0.0;1.5162302399812315
1788348570.874892;2026-09-02 13:29:30.874;212.4568304678166;peak;True;;-0.016230239981231152;-0.07873837825047225;640;[320, 100];;;;0.0;1.5162302399812315
1788348570.9473689;2026-09-02 13:29:30.947;212.2787612959523;peak;True;;-0.016230239981231152;-0.0661075705121921;640;[320, 100];;;;0.0;1.5162302399812315
1788348571.026858;2026-09-02 13:29:31.026;212.52564259056385;peak;True;;-0.016230239981231152;-0.08477430019243329;640;[320, 100];;;;0.0;1.5162302399812315
1788348571.116501;2026-09-02 13:29:31.116;212.673048758308;peak;True;;-0.016230239981231152;-0.10932654360487923;640;[320, 100];;;;0.0;1.5162302399812315
1788348571.1985018;2026-09-02 13:29:31.198;212.37101684496065;peak;True;;-0.016230239981231152;-0.09150019588259334;640;[320, 100];;;;0.0;1.5162302399812315
1788348571.4267242;2026-09-02 13:29:31.426;212.5677916093421;peak;True;;-0.016230239981231152;-0.10261118882129772;640;[320, 100];;;;0.0;1.5162302399812315
1788348571.506924;2026-09-02 13:29:31.506;212.56090932880636;peak;True;;-0.016230239981231152;-0.1078165447481068;640;[320, 100];;;;0.0;1.5162302399812315
1788348571.586163;2026-09-02 13:29:31.586;212.24847220175403;peak;True;;-0.016230239981231152;-0.07912305110849566;640;[320, 100];;;;0.0;1.5162302399812315
1788348571.664777;2026-09-02 13:29:31.664;212.49343425253798;peak;True;;-0.016230239981231152;-0.08952625303278894;640;[320, 100];;;;0.0;1.5162302399812315
1788348571.7468212;2026-09-02 13:29:31.746;212.49919527636925;peak;True;;-0.016230239981231152;-0.0955649013235493;640;[320, 100];;;;0.0;1.5162302399812315
1788348571.815378;2026-09-02 13:29:31.815;212.52027630931678;peak;True;;-0.016230239981231152;-0.10097962500035138;640;[320, 100];;;;0.0;1.5162302399812315
1788348571.886152;2026-09-02 13:29:31.886;212.56043808121336;peak;True;;-0.016230239981231152;-0.10804066247995216;640;[320, 100];;;;0.0;1.5162302399812315
1788348571.956494;2026-09-02 13:29:31.956;212.52617178816328;peak;True;;-0.016230239981231152;-0.10843921749997093;640;[320, 100];;;;0.0;1.5162302399812315
1788348572.029678;2026-09-02 13:29:32.029;212.58638741893722;peak;True;;-0.016230239981231152;-0.11502999321107672;640;[320, 100];;;;0.0;1.5162302399812315
1788348572.103456;2026-09-02 13:29:32.103;212.6000230187859;peak;True;;-0.016230239981231152;-0.12007592067499842;640;[320, 100];;;;0.0;1.5162302399812315
1788348572.179648;2026-09-02 13:29:32.179;212.3678220218716;peak;True;;-0.016230239981231152;-0.09947551309289529;640;[320, 100];;;;0.0;1.5162302399812315
1788348572.249891;2026-09-02 13:29:32.249;212.73009080230702;peak;True;;-0.016230239981231152;-0.125951751698297;640;[320, 100];;;;0.0;1.5162302399812315
1788348572.330008;2026-09-02 13:29:32.330;212.58883037425701;peak;True;;-0.016230239981231152;-0.1254368170138469;640;[320, 100];;;;0.0;1.5162302399812315
1788348572.409893;2026-09-02 13:29:32.409;212.64337311959642;peak;True;;-0.016230239981231152;-0.13107479145508305;640;[320, 100];;;;0.0;1.5162302399812315
1788348572.479233;2026-09-02 13:29:32.479;212.4347865453393;peak;True;;-0.016230239981231152;-0.1132155552816865;640;[320, 100];;;;0.0;1.5162302399812315
1788348572.55228;2026-09-02 13:29:32.552;212.46598818303838;peak;True;;-0.016230239981231152;-0.10762553704371555;640;[320, 100];;;;0.0;1.5162302399812315
1788348572.6348422;2026-09-02 13:29:32.634;212.54787830467666;peak;True;;-0.016230239981231152;-0.11334133881943209;640;[320, 100];;;;0.0;1.5162302399812315
1788348572.703261;2026-09-02 13:29:32.703;212.41329859494488;peak;True;;-0.016230239981231152;-0.10289484282781855;640;[320, 100];;;;0.0;1.5162302399812315
1788348572.783212;2026-09-02 13:29:32.783;212.7165794005875;peak;True;;-0.016230239981231152;-0.12853235049703718;640;[320, 100];;;;0.0;1.5162302399812315
1788348572.850261;2026-09-02 13:29:32.850;212.58157972879343;peak;True;;-0.016230239981231152;-0.128215062663253;640;[320, 100];;;;0.0;1.5162302399812315
1788348572.928618;2026-09-02 13:29:32.928;212.70763535923697;peak;True;;-0.016230239981231152;-0.14118347683978688;640;[320, 100];;;;0.0;1.5162302399812315
1788348573.008436;2026-09-02 13:29:33.008;212.70997794335645;peak;True;;-0.016230239981231152;-0.148426365619225;640;[320, 100];;;;0.0;1.5162302399812315
1788348573.07523;2026-09-02 13:29:33.075;212.68158760975396;peak;True;;-0.06624528059766807;-0.14969771201090729;640;[320, 100];;;;-0.050015040616436926;1.5662452805976685
1788348573.1896021;2026-09-02 13:29:33.189;212.44992539081764;peak;True;;-0.06624528059766807;-0.12736652090166925;640;[320, 100];;;;0.0;1.5662452805976685
1788348573.256133;2026-09-02 13:29:33.256;212.36228351299732;peak;True;;-0.06624528059766807;-0.10752654280628467;640;[320, 100];;;;0.0;1.5662452805976685
1788348573.334858;2026-09-02 13:29:33.334;212.34659188516818;peak;True;;-0.06624528059766807;-0.09610758168216361;640;[320, 100];;;;0.0;1.5662452805976685
1788348573.541739;2026-09-02 13:29:33.541;212.53997058558693;peak;True;;-0.06624528059766807;-0.1100478852439925;640;[320, 100];;;;0.0;1.5662452805976685
1788348573.610645;2026-09-02 13:29:33.610;212.75148120145715;peak;True;;-0.06624528059766807;-0.13874540096377613;640;[320, 100];;;;0.0;1.5662452805976685
1788348573.6792169;2026-09-02 13:29:33.679;212.630269018613;peak;True;;-0.06624528059766807;-0.14139772766253905;640;[320, 100];;;;0.0;1.5662452805976685
1788348573.759221;2026-09-02 13:29:33.759;212.35817250942188;peak;True;;-0.06624528059766807;-0.11559890657961296;640;[320, 100];;;;0.0;1.5662452805976685
1788348573.837179;2026-09-02 13:29:33.837;212.58023748506133;peak;True;;-0.06624528059766807;-0.12526824130844444;640;[320, 100];;;;0.0;1.5662452805976685
1788348573.9171531;2026-09-02 13:29:33.917;212.38054964912618;peak;True;;-0.06624528059766807;-0.11024676299078087;640;[320, 100];;;;0.0;1.5662452805976685
1788348573.995156;2026-09-02 13:29:33.995;212.5555785137738;peak;True;;-0.06624528059766807;-0.1205703342889545;640;[320, 100];;;;0.0;1.5662452805976685
1788348574.074656;2026-09-02 13:29:34.074;212.32747945729028;peak;True;;-0.06624528059766807;-0.10296851446132647;640;[320, 100];;;;0.0;1.5662452805976685
1788348574.154624;2026-09-02 13:29:34.154;212.2158657211151;peak;True;;-0.06624528059766807;-0.08291301393141146;640;[320, 100];;;;0.0;1.5662452805976685
1788348574.232743;2026-09-02 13:29:34.232;212.37587321943002;peak;True;;-0.06624528059766807;-0.08899280587226355;640;[320, 100];;;;0.0;1.5662452805976685
1788348574.2997792;2026-09-02 13:29:34.299;212.69804598091696;peak;True;;-0.06624528059766807;-0.12475948631755215;640;[320, 100];;;;0.0;1.5662452805976685
1788348574.367409;2026-09-02 13:29:34.367;212.34220555118793;peak;True;;-0.06624528059766807;-0.10712349135630667;640;[320, 100];;;;0.0;1.5662452805976685
1788348574.434207;2026-09-02 13:29:34.434;212.55433719401645;peak;True;;-0.06624528059766807;-0.11984853050107928;640;[320, 100];;;;0.0;1.5662452805976685
1788348574.5109608;2026-09-02 13:29:34.510;212.41646093074928;peak;True;;-0.06624528059766807;-0.11258095076021006;640;[320, 100];;;;0.0;1.5662452805976685
1788348574.58176;2026-09-02 13:29:34.581;212.59147566595826;peak;True;;-0.06624528059766807;-0.12682492984314606;640;[320, 100];;;;0.0;1.5662452805976685
1788348574.662441;2026-09-02 13:29:34.662;212.57741462287373;peak;True;;-0.06624528059766807;-0.1328995342047819;640;[320, 100];;;;0.0;1.5662452805976685
1788348574.739692;2026-09-02 13:29:34.739;212.5864045063615;peak;True;;-0.06624528059766807;-0.13720578121735413;640;[320, 100];;;;0.0;1.5662452805976685
1788348574.81826;2026-09-02 13:29:34.818;212.33475083016143;peak;True;;-0.06624528059766807;-0.11424892649135948;640;[320, 100];;;;0.0;1.5662452805976685
1788348574.89676;2026-09-02 13:29:34.896;212.51857812540806;peak;True;;-0.06624528059766807;-0.12143840215980758;640;[320, 100];;;;0.0;1.5662452805976685
1788348574.964444;2026-09-02 13:29:34.964;212.205200171948;peak;True;;-0.06624528059766807;-0.09358879571298423;640;[320, 100];;;;0.0;1.5662452805976685
1788348575.032577;2026-09-02 13:29:35.032;212.5532758057628;peak;True;;-0.06624528059766807;-0.11480010147828137;640;[320, 100];;;;0.0;1.5662452805976685
1788348575.10155;2026-09-02 13:29:35.101;212.36441113962505;peak;True;;-0.06624528059766807;-0.1066117525217104;640;[320, 100];;;;0.0;1.5662452805976685
1788348575.1808379;2026-09-02 13:29:35.180;212.52216347644458;peak;True;;-0.06624528059766807;-0.11858246692096143;640;[320, 100];;;;0.0;1.5662452805976685
1788348575.258128;2026-09-02 13:29:35.258;212.54915002059835;peak;True;;-0.06624528059766807;-0.1275898669117373;640;[320, 100];;;;0.0;1.5662452805976685
1788348575.3263319;2026-09-02 13:29:35.326;212.6185647951172;peak;True;;-0.06624528059766807;-0.13944520120293027;640;[320, 100];;;;0.0;1.5662452805976685
1788348575.405102;2026-09-02 13:29:35.405;212.54336901368163;peak;True;;-0.06624528059766807;-0.13816945232209868;640;[320, 100];;;;0.0;1.5662452805976685
1788348575.482937;2026-09-02 13:29:35.482;212.44238825193023;peak;True;;-0.06624528059766807;-0.12762343787148075;640;[320, 100];;;;0.0;1.5662452805976685
1788348575.7212858;2026-09-02 13:29:35.721;212.334453485413;peak;True;;-0.06624528059766807;-0.11161197170124439;640;[320, 100];;;;0.0;1.5662452805976685
1788348575.8013928;2026-09-02 13:29:35.801;212.54536337815827;peak;True;;-0.06624528059766807;-0.12501588296337565;640;[320, 100];;;;0.0;1.5662452805976685
1788348575.879508;2026-09-02 13:29:35.879;212.55319934703402;peak;True;;-0.06624528059766807;-0.13282988551583153;640;[320, 100];;;;0.0;1.5662452805976685
1788348575.957206;2026-09-02 13:29:35.957;212.3338126809226;peak;True;;-0.06624528059766807;-0.11485243688209464;640;[320, 100];;;;0.0;1.5662452805976685
1788348576.034583;2026-09-02 13:29:36.034;212.60888558572495;peak;True;;-0.06624528059766807;-0.13376906087764046;640;[320, 100];;;;0.0;1.5662452805976685
1788348576.11159;2026-09-02 13:29:36.111;212.51709023205916;peak;True;;-0.06624528059766807;-0.13433115114893665;640;[320, 100];;;;0.0;1.5662452805976685
1788348576.1881442;2026-09-02 13:29:36.188;212.7810374790963;peak;True;;-0.1202436964233989;-0.16162016868719553;640;[320, 100];;;;-0.053998415825730825;1.6202436964233993
1788348576.2867332;2026-09-02 13:29:36.286;212.64740184472046;peak;True;;-0.17448505758641386;-0.16234731717466871;640;[320, 100];;;;-0.05424136116301496;1.6744850575864143
1788348576.38775;2026-09-02 13:29:36.387;212.266010414839;peak;True;;-0.17448505758641386;-0.12454121229883036;640;[320, 100];;;;0.0;1.6744850575864143
1788348576.465344;2026-09-02 13:29:36.465;212.21460637727427;peak;True;;-0.17448505758641386;-0.10040296492605556;640;[320, 100];;;;0.0;1.6744850575864143
1788348576.5466619;2026-09-02 13:29:36.546;212.30454236602046;peak;True;;-0.17448505758641386;-0.09734506892183808;640;[320, 100];;;;0.0;1.6744850575864143
1788348576.6216419;2026-09-02 13:29:36.621;212.37738768676593;peak;True;;-0.17448505758641386;-0.10320933845275633;640;[320, 100];;;;0.0;1.6744850575864143
1788348576.711126;2026-09-02 13:29:36.711;212.37503501133094;peak;True;;-0.17448505758641386;-0.1060119502889109;640;[320, 100];;;;0.0;1.6744850575864143
1788348576.789463;2026-09-02 13:29:36.789;212.2863654911271;peak;True;;-0.17448505758641386;-0.0985412119005329;640;[320, 100];;;;0.0;1.6744850575864143
1788348576.856489;2026-09-02 13:29:36.856;212.46275246976873;peak;True;;-0.17448505758641386;-0.1126599320077431;640;[320, 100];;;;0.0;1.6744850575864143
1788348576.933609;2026-09-02 13:29:36.933;212.09011578840764;peak;True;;-0.17448505758641386;-0.08220521951077428;640;[320, 100];;;;0.0;1.6744850575864143
1788348577.0128798;2026-09-02 13:29:37.012;212.1361017456225;peak;True;;-0.17448505758641386;-0.07138353701583283;640;[320, 100];;;;0.0;1.6744850575864143
1788348577.083671;2026-09-02 13:29:37.083;212.19396029350196;peak;True;;-0.17448505758641386;-0.07163795177320671;640;[320, 100];;;;0.0;1.6744850575864143
1788348577.1622689;2026-09-02 13:29:37.162;212.39179408959603;peak;True;;-0.17448505758641386;-0.09167523222332412;640;[320, 100];;;;0.0;1.6744850575864143
1788348577.240074;2026-09-02 13:29:37.240;212.5294807539783;peak;True;;-0.17448505758641386;-0.1157613406791053;640;[320, 100];;;;0.0;1.6744850575864143
1788348577.306637;2026-09-02 13:29:37.306;212.51136709535044;peak;True;;-0.17448505758641386;-0.12626918876342808;640;[320, 100];;;;0.0;1.6744850575864143
1788348577.3786619;2026-09-02 13:29:37.378;212.1302885201903;peak;True;;-0.17448505758641386;-0.09321506678983368;640;[320, 100];;;;0.0;1.6744850575864143
1788348577.456767;2026-09-02 13:29:37.456;212.27231496702447;peak;True;;-0.17448505758641386;-0.0908679950452646;640;[320, 100];;;;0.0;1.6744850575864143
1788348577.534024;2026-09-02 13:29:37.534;212.43575901366376;peak;True;;-0.17448505758641386;-0.10622051345401062;640;[320, 100];;;;0.0;1.6744850575864143
1788348577.60099;2026-09-02 13:29:37.600;212.27673015948696;peak;True;;-0.17448505758641386;-0.09797675079008507;640;[320, 100];;;;0.0;1.6744850575864143
1788348577.668781;2026-09-02 13:29:37.668;212.27987618470624;peak;True;;-0.17448505758641386;-0.09415626806095831;640;[320, 100];;;;0.0;1.6744850575864143
1788348577.861336;2026-09-02 13:29:37.861;212.32211786706114;peak;True;;-0.17448505758641386;-0.09650979311573929;640;[320, 100];;;;0.0;1.6744850575864143
1788348577.942101;2026-09-02 13:29:37.942;212.43579836185984;peak;True;;-0.17448505758641386;-0.10923630392534982;640;[320, 100];;;;0.0;1.6744850575864143
1788348578.0104089;2026-09-02 13:29:38.010;212.26155937165112;peak;True;;-0.17448505758641386;-0.098139560373875;640;[320, 100];;;;0.0;1.6744850575864143
1788348578.0891678;2026-09-02 13:29:38.089;212.06314519625275;peak;True;;-0.17448505758641386;-0.0724656534036361;640;[320, 100];;;;0.0;1.6744850575864143
1788348578.166513;2026-09-02 13:29:38.166;212.17190463654833;peak;True;;-0.17448505758641386;-0.07035647559378874;640;[320, 100];;;;0.0;1.6744850575864143
1788348578.245692;2026-09-02 13:29:38.245;212.52019182059573;peak;True;;-0.17448505758641386;-0.1044177957193714;640;[320, 100];;;;0.0;1.6744850575864143
1788348578.324793;2026-09-02 13:29:38.324;212.39878148795265;peak;True;;-0.17448505758641386;-0.10944285022782362;640;[320, 100];;;;0.0;1.6744850575864143
1788348578.403989;2026-09-02 13:29:38.403;212.16756510574535;peak;True;;-0.17448505758641386;-0.08868014649352732;640;[320, 100];;;;0.0;1.6744850575864143
1788348578.47022;2026-09-02 13:29:38.470;212.29218801503066;peak;True;;-0.17448505758641386;-0.09076327142372344;640;[320, 100];;;;0.0;1.6744850575864143
1788348578.546876;2026-09-02 13:29:38.546;212.38627226650135;peak;True;;-0.17448505758641386;-0.10133305021904243;640;[320, 100];;;;0.0;1.6744850575864143
1788348578.625965;2026-09-02 13:29:38.625;212.68359181627346;peak;True;;-0.17448505758641386;-0.1368413352142831;640;[320, 100];;;;0.0;1.6744850575864143
1788348578.7032351;2026-09-02 13:29:38.703;212.23733322893298;peak;True;;-0.17448505758641386;-0.10990323636404399;640;[320, 100];;;;0.0;1.6744850575864143
1788348578.770192;2026-09-02 13:29:38.770;212.23989416058393;peak;True;;-0.17448505758641386;-0.09662709865477433;640;[320, 100];;;;0.0;1.6744850575864143
1788348578.848023;2026-09-02 13:29:38.848;212.3135759175238;peak;True;;-0.17448505758641386;-0.09738612624105572;640;[320, 100];;;;0.0;1.6744850575864143
1788348578.914573;2026-09-02 13:29:38.914;212.40287601718342;peak;True;;-0.17448505758641386;-0.10683619587166335;640;[320, 100];;;;0.0;1.6744850575864143
1788348578.991712;2026-09-02 13:29:38.991;212.36907978856624;peak;True;;-0.17448505758641386;-0.10827990841098534;640;[320, 100];;;;0.0;1.6744850575864143
1788348579.0704288;2026-09-02 13:29:39.070;212.41390236305944;peak;True;;-0.17448505758641386;-0.11363835093381264;640;[320, 100];;;;0.0;1.6744850575864143
1788348579.1485922;2026-09-02 13:29:39.148;212.45025368663445;peak;True;;-0.17448505758641386;-0.1201524725110465;640;[320, 100];;;;0.0;1.6744850575864143
1788348579.226464;2026-09-02 13:29:39.226;212.3956787370971;peak;True;;-0.17448505758641386;-0.11808358761732893;640;[320, 100];;;;0.0;1.6744850575864143
1788348579.303853;2026-09-02 13:29:39.303;212.28545478503125;peak;True;;-0.17448505758641386;-0.10602051929519214;640;[320, 100];;;;0.0;1.6744850575864143
1788348579.3716521;2026-09-02 13:29:39.371;212.44016748167098;peak;True;;-0.17448505758641386;-0.115647415000214;640;[320, 100];;;;0.0;1.6744850575864143
1788348579.4383428;2026-09-02 13:29:39.438;212.54145917081658;peak;True;;-0.17448505758641386;-0.13090380658082773;640;[320, 100];;;;0.0;1.6744850575864143
1788348579.516;2026-09-02 13:29:39.516;212.4534422834682;peak;True;;-0.17448505758641386;-0.12993406734066343;640;[320, 100];;;;0.0;1.6744850575864143
1788348579.59303;2026-09-02 13:29:39.593;212.43336128401842;peak;True;;-0.17448505758641386;-0.1276197502306478;640;[320, 100];;;;0.0;1.6744850575864143
1788348579.659085;2026-09-02 13:29:39.659;212.37290309848035;peak;True;;-0.17448505758641386;-0.12051985284495895;640;[320, 100];;;;0.0;1.6744850575864143
1788348579.72525;2026-09-02 13:29:39.725;212.53005320763114;peak;True;;-0.17448505758641386;-0.13298443242675492;640;[320, 100];;;;0.0;1.6744850575864143
1788348579.802641;2026-09-02 13:29:39.802;212.5128885713645;peak;True;;-0.17448505758641386;-0.1377783201552224;640;[320, 100];;;;0.0;1.6744850575864143
1788348580.017855;2026-09-02 13:29:40.017;212.41416215379311;peak;True;;-0.17448505758641386;-0.13045727580458427;640;[320, 100];;;;0.0;1.6744850575864143
