datetime,timestamp,temperature_c,humidity_pct,lux,ch0_full,ch1_ir
2026-07-06 22:48:30,1783370910.2006872,25.929,52.944,,,
2026-07-06 22:48:40,1783370920.596881,25.916,52.783,,,
2026-07-06 22:48:51,1783370931.001933,25.903,52.85,,,
2026-07-06 22:49:01,1783370941.399735,25.924,52.827,,,
2026-07-06 22:49:11,1783370951.7969038,25.929,52.894,,,
2026-07-06 22:49:22,1783370962.203487,25.9,52.94,,,
2026-07-06 22:50:33,1783371033.680335,25.895,52.993,,,
2026-07-06 22:50:49,1783371049.918973,25.913,52.917,,,
2026-07-06 22:51:00,1783371060.3371031,25.9,52.965,,,
2026-07-06 22:51:10,1783371070.768682,25.927,53.024,,,
2026-07-06 22:51:21,1783371081.137216,25.937,52.997,,,
2026-07-06 22:51:31,1783371091.566905,25.967,53.237,,,
2026-07-06 22:51:42,1783371102.047786,25.991,53.18,,,
2026-07-06 22:52:03,1783371123.742346,25.956,52.675,,,
2026-07-06 22:52:18,1783371138.0479949,25.98,52.829,,,
2026-07-06 22:52:19,1783371139.289325,25.977,52.804,,,
2026-07-06 22:52:20,1783371140.514305,25.993,52.793,,,
2026-07-06 22:52:21,1783371141.743922,25.988,52.827,,,
2026-07-06 22:52:22,1783371142.968501,25.983,52.843,,,
2026-07-06 22:52:24,1783371144.213349,25.985,52.812,,,
2026-07-06 22:52:25,1783371145.434245,25.999,52.753,,,
2026-07-06 22:52:26,1783371146.671308,25.983,52.797,,,
2026-07-06 22:52:36,1783371156.236663,25.977,52.766,,,
2026-07-06 22:52:38,1783371158.927287,25.988,52.658,,,
2026-07-06 22:52:43,1783371163.454483,25.993,52.612,,,
2026-07-06 22:52:44,1783371164.696241,25.953,52.616,,,
2026-07-06 22:52:45,1783371165.9203148,25.975,52.589,,,
2026-07-06 22:52:48,1783371168.2687,25.967,52.57,,,
2026-07-06 22:52:49,1783371169.5080352,25.948,52.56,,,
2026-07-06 22:52:50,1783371170.734439,25.969,52.633,,,
2026-07-06 22:52:51,1783371171.961528,25.959,52.696,,,
2026-07-06 22:52:53,1783371173.192072,25.972,52.69,,,
2026-07-06 22:52:54,1783371174.421725,25.959,52.696,,,
2026-07-06 22:52:55,1783371175.6446772,25.972,52.74,,,
2026-07-06 22:52:56,1783371176.875989,25.959,52.787,,,
2026-07-06 22:52:58,1783371178.097947,25.956,52.768,,,
2026-07-06 22:52:59,1783371179.344992,25.956,52.776,,,
2026-07-06 22:53:00,1783371180.570878,25.967,52.77,,,
2026-07-06 22:53:20,1783371200.133111,25.935,52.734,,,
2026-07-06 22:53:23,1783371203.661175,25.927,52.743,,,
2026-07-06 22:53:24,1783371204.9413052,25.945,52.827,,,
2026-07-06 22:53:26,1783371206.172836,25.94,52.816,,,
2026-07-06 22:53:27,1783371207.402445,25.94,52.749,,,
2026-07-06 22:53:28,1783371208.633417,25.935,52.808,,,
2026-07-06 22:53:29,1783371209.871735,25.953,52.854,,,
2026-07-06 22:53:31,1783371211.2162611,25.943,52.77,,,
2026-07-06 22:53:32,1783371212.508565,25.943,52.724,,,
2026-07-06 22:53:33,1783371213.736765,25.937,52.673,,,
2026-07-06 22:53:35,1783371215.1098828,25.94,52.623,,,
2026-07-06 22:53:36,1783371216.349236,25.943,52.644,,,
2026-07-06 22:53:39,1783371219.490058,25.94,52.749,,,
2026-07-06 22:53:40,1783371220.696416,25.935,52.801,,,
2026-07-06 22:53:41,1783371221.922186,25.929,52.839,,,
2026-07-06 22:53:43,1783371223.149974,25.94,52.825,,,
2026-07-06 22:53:44,1783371224.35901,25.935,52.782,,,
2026-07-06 22:53:45,1783371225.580396,25.948,52.757,,,
2026-07-06 22:53:46,1783371226.806858,25.959,52.82,,,
2026-07-06 22:53:48,1783371228.0337112,25.94,52.89,,,
2026-07-06 22:53:49,1783371229.2288609,25.959,52.984,,,
2026-07-06 22:53:50,1783371230.433784,25.948,53.024,,,
2026-07-06 22:53:51,1783371231.6604202,25.959,53.012,,,
2026-07-06 22:53:52,1783371232.880569,25.935,53.007,,,
2026-07-06 22:53:54,1783371234.153912,25.975,53.052,,,
2026-07-06 22:53:55,1783371235.384129,25.94,53.001,,,
2026-07-06 22:53:56,1783371236.622967,25.969,52.965,,,
2026-07-06 22:53:57,1783371237.84698,25.961,52.989,,,
2026-07-06 22:53:59,1783371239.081279,25.988,53.022,,,
2026-07-06 22:54:00,1783371240.3072278,25.977,53.092,,,
2026-07-06 22:54:01,1783371241.530852,26.004,53.201,,,
2026-07-06 22:54:02,1783371242.7715871,25.996,53.251,,,
